Country,Region,year,Life Ladder,Log GDP per capita,Social support,Healthy life expectancy at birth,Freedom,Generosity,Perceptions of corruption,Positive affect,Negative affect,Happiness Score
Afghanistan,South Asia,2015,3.983,7.702,0.529,53.2,0.389,0.08,0.881,0.554,0.339,3.575
Afghanistan,South Asia,2016,4.22,7.697,0.559,53,0.523,0.042,0.793,0.565,0.348,3.36
Afghanistan,South Asia,2017,2.662,7.697,0.491,52.8,0.427,-0.121,0.954,0.496,0.371,3.79399991
Afghanistan,South Asia,2018,2.694,7.692,0.508,52.6,0.374,-0.094,0.928,0.424,0.405,3.632
Afghanistan,South Asia,2019,2.375,7.697,0.42,52.4,0.394,-0.108,0.924,0.351,0.502,3.203
Albania,Central and Eastern Europe,2015,4.607,9.403,0.639,67.8,0.704,-0.081,0.885,0.688,0.35,4.959
Albania,Central and Eastern Europe,2016,4.511,9.437,0.638,68.1,0.73,-0.017,0.901,0.675,0.322,4.655
Albania,Central and Eastern Europe,2017,4.64,9.476,0.638,68.4,0.75,-0.029,0.876,0.669,0.334,4.644000053
Albania,Central and Eastern Europe,2018,5.004,9.518,0.684,68.7,0.824,0.009,0.899,0.713,0.319,4.586
Albania,Central and Eastern Europe,2019,4.995,9.544,0.686,69,0.777,-0.099,0.914,0.681,0.274,4.719
Albania,Central and Eastern Europe,2020,5.365,9.497,0.71,69.3,0.754,0.007,0.891,0.679,0.265,
Algeria,Middle East and North Africa,2016,5.341,9.362,0.749,65.5,,,,0.661,0.377,6.355
Algeria,Middle East and North Africa,2017,5.249,9.354,0.807,65.7,0.437,-0.167,0.7,0.642,0.289,5.872000217
Algeria,Middle East and North Africa,2018,5.043,9.348,0.799,65.9,0.583,-0.146,0.759,0.591,0.293,5.295
Algeria,Middle East and North Africa,2019,4.745,9.337,0.803,66.1,0.385,0.005,0.741,0.585,0.215,5.211
Argentina,Latin America and Caribbean,2015,6.697,10.083,0.926,68.2,0.881,-0.174,0.851,0.859,0.305,6.574
Argentina,Latin America and Caribbean,2016,6.427,10.051,0.883,68.4,0.848,-0.192,0.851,0.842,0.312,6.65
Argentina,Latin America and Caribbean,2017,6.039,10.067,0.907,68.6,0.832,-0.186,0.841,0.809,0.292,6.598999977
Argentina,Latin America and Caribbean,2018,5.793,10.032,0.9,68.8,0.846,-0.211,0.855,0.82,0.321,6.388
Argentina,Latin America and Caribbean,2019,6.086,10,0.896,69,0.817,-0.211,0.83,0.826,0.319,6.086
Argentina,Latin America and Caribbean,2020,5.901,9.85,0.897,69.2,0.823,-0.122,0.816,0.764,0.342,
Armenia,Commonwealth of Independent States,2015,4.348,9.334,0.723,66,0.551,-0.203,0.901,0.594,0.438,4.35
Armenia,Commonwealth of Independent States,2016,4.325,9.333,0.709,66.3,0.611,-0.17,0.921,0.594,0.437,4.36
Armenia,Commonwealth of Independent States,2017,4.288,9.402,0.698,66.6,0.614,-0.147,0.865,0.625,0.437,4.375999928
Armenia,Commonwealth of Independent States,2018,5.062,9.451,0.814,66.9,0.808,-0.163,0.677,0.581,0.455,4.321
Armenia,Commonwealth of Independent States,2019,5.488,9.522,0.782,67.2,0.844,-0.172,0.583,0.598,0.43,4.559
Australia,North America and ANZ,2015,7.309,10.779,0.952,72.7,0.922,0.332,0.357,0.79,0.21,7.284
Australia,North America and ANZ,2016,7.25,10.791,0.942,73,0.922,0.239,0.399,0.791,0.236,7.313
Australia,North America and ANZ,2017,7.257,10.798,0.95,73.3,0.911,0.317,0.411,0.78,0.225,7.28399992
Australia,North America and ANZ,2018,7.177,10.811,0.94,73.6,0.916,0.146,0.405,0.759,0.187,7.272
Australia,North America and ANZ,2019,7.234,10.815,0.943,73.9,0.918,0.121,0.43,0.77,0.202,7.228
Australia,North America and ANZ,2020,7.137,10.76,0.937,74.2,0.905,0.21,0.491,0.769,0.205,
Austria,Western Europe,2015,7.076,10.881,0.928,72.1,0.9,0.099,0.557,0.798,0.164,7.2
Austria,Western Europe,2016,7.048,10.891,0.926,72.4,0.889,0.08,0.524,0.756,0.197,7.119
Austria,Western Europe,2017,7.294,10.908,0.906,72.7,0.89,0.133,0.518,0.748,0.18,7.006000042
Austria,Western Europe,2018,7.396,10.928,0.912,73,0.904,0.053,0.523,0.752,0.226,7.139
Austria,Western Europe,2019,7.195,10.939,0.964,73.3,0.903,0.06,0.457,0.774,0.205,7.246
Austria,Western Europe,2020,7.213,10.851,0.925,73.6,0.912,0.011,0.464,0.769,0.206,
Azerbaijan,Commonwealth of Independent States,2015,5.147,9.606,0.786,64.6,0.764,-0.198,0.616,0.607,0.206,5.212
Azerbaijan,Commonwealth of Independent States,2016,5.304,9.564,0.777,64.9,0.713,-0.204,0.607,0.598,0.191,5.291
Azerbaijan,Commonwealth of Independent States,2017,5.152,9.555,0.787,65.2,0.731,-0.225,0.653,0.592,0.198,5.234000206
Azerbaijan,Commonwealth of Independent States,2018,5.168,9.562,0.781,65.5,0.772,-0.232,0.561,0.593,0.191,5.201
Azerbaijan,Commonwealth of Independent States,2019,5.173,9.575,0.887,65.8,0.854,-0.214,0.457,0.643,0.164,5.208
Bahrain,Middle East and North Africa,2015,6.007,10.785,0.853,67.7,0.85,0.112,,0.716,0.303,5.96
Bahrain,Middle East and North Africa,2016,6.17,10.781,0.863,68.1,0.889,0.088,,0.787,0.283,6.218
Bahrain,Middle East and North Africa,2017,6.227,10.771,0.876,68.5,0.906,0.136,,0.814,0.29,6.086999893
Bahrain,Middle East and North Africa,2019,7.098,10.715,0.878,69.3,0.907,0.048,,0.762,0.317,6.199
Bahrain,Middle East and North Africa,2020,6.173,10.62,0.848,69.7,0.945,0.132,,0.79,0.297,
Bangladesh,South Asia,2015,4.633,8.216,0.601,62.8,0.815,-0.068,0.721,0.635,0.226,4.694
Bangladesh,South Asia,2016,4.556,8.274,0.649,63.3,0.875,-0.089,0.688,0.56,0.235,4.643
Bangladesh,South Asia,2017,4.31,8.334,0.713,63.8,0.896,0.012,0.635,0.569,0.214,4.607999802
Bangladesh,South Asia,2018,4.499,8.399,0.706,64.3,0.901,-0.043,0.701,0.541,0.361,4.5
Bangladesh,South Asia,2019,5.114,8.467,0.673,64.8,0.902,-0.051,0.656,0.537,0.369,4.456
Bangladesh,South Asia,2020,5.28,8.472,0.739,65.3,0.777,-0.009,0.742,0.582,0.332,
Belarus,Commonwealth of Independent States,2015,5.719,9.815,0.924,65.2,0.623,-0.091,0.669,0.584,0.184,5.813
Belarus,Commonwealth of Independent States,2016,5.178,9.788,0.927,65.5,0.658,-0.125,0.664,0.554,0.182,5.802
Belarus,Commonwealth of Independent States,2017,5.553,9.814,0.9,65.8,0.621,-0.122,0.654,0.541,0.233,5.568999767
Belarus,Commonwealth of Independent States,2018,5.234,9.846,0.905,66.1,0.644,-0.174,0.718,0.45,0.236,5.483
Belarus,Commonwealth of Independent States,2019,5.821,9.86,0.917,66.4,0.657,-0.186,0.546,0.591,0.19,5.323
Belgium,Western Europe,2015,6.904,10.81,0.885,71.4,0.869,0.062,0.469,0.805,0.24,6.937
Belgium,Western Europe,2016,6.949,10.819,0.929,71.6,0.866,-0.056,0.497,0.765,0.26,6.929
Belgium,Western Europe,2017,6.928,10.834,0.922,71.8,0.857,0.054,0.543,0.786,0.234,6.890999794
Belgium,Western Europe,2018,6.892,10.844,0.93,72,0.808,-0.125,0.63,0.75,0.25,6.927
Belgium,Western Europe,2019,6.772,10.853,0.884,72.2,0.776,-0.172,0.672,0.733,0.244,6.923
Belgium,Western Europe,2020,6.839,10.771,0.904,72.4,0.767,-0.164,0.634,0.647,0.26,
Benin,Sub-Saharan Africa,2015,3.625,7.988,0.434,53.1,0.733,-0.027,0.85,0.592,0.373,3.34
Benin,Sub-Saharan Africa,2016,4.007,7.993,0.493,53.5,0.78,-0.065,0.838,0.608,0.456,3.484
Benin,Sub-Saharan Africa,2017,4.853,8.021,0.436,53.9,0.727,-0.065,0.767,0.615,0.458,3.657000065
Benin,Sub-Saharan Africa,2018,5.82,8.059,0.504,54.3,0.713,0.002,0.747,0.647,0.468,4.141
Benin,Sub-Saharan Africa,2019,4.976,8.098,0.442,54.7,0.77,-0.016,0.698,0.659,0.441,4.883
Benin,Sub-Saharan Africa,2020,4.408,8.102,0.507,55.1,0.783,-0.083,0.532,0.609,0.305,
Bhutan,,2015,5.082,9.219,0.848,60.2,0.83,0.277,0.634,0.81,0.312,5.253
Bolivia,Latin America and Caribbean,2015,5.834,8.985,0.829,62.7,0.884,-0.03,0.862,0.786,0.393,5.89
Bolivia,Latin America and Caribbean,2016,5.77,9.012,0.796,63,0.882,-0.047,0.853,0.783,0.376,5.822
Bolivia,Latin America and Caribbean,2017,5.651,9.039,0.779,63.3,0.884,-0.12,0.819,0.698,0.434,5.822999954
Bolivia,Latin America and Caribbean,2018,5.916,9.066,0.827,63.6,0.863,-0.093,0.786,0.742,0.387,5.752
Bolivia,Latin America and Caribbean,2019,5.674,9.074,0.784,63.9,0.881,-0.086,0.857,0.751,0.419,5.779
Bolivia,Latin America and Caribbean,2020,5.559,8.998,0.805,64.2,0.877,-0.054,0.868,0.79,0.382,
Bosnia and Herzegovina,Central and Eastern Europe,2015,5.117,9.457,0.656,66.9,0.631,-0.055,0.96,0.534,0.286,4.949
Bosnia and Herzegovina,Central and Eastern Europe,2016,5.181,9.5,0.808,67.2,0.633,0.134,0.957,0.641,0.304,5.163
Bosnia and Herzegovina,Central and Eastern Europe,2017,5.09,9.532,0.775,67.5,0.564,0.092,0.923,0.597,0.271,5.18200016
Bosnia and Herzegovina,Central and Eastern Europe,2018,5.887,9.576,0.836,67.8,0.659,0.123,0.913,0.643,0.277,5.129
Bosnia and Herzegovina,Central and Eastern Europe,2019,6.016,9.609,0.873,68.1,0.722,0.079,0.963,0.633,0.238,5.386
Bosnia and Herzegovina,Central and Eastern Europe,2020,5.516,9.583,0.899,68.4,0.74,0.138,0.916,0.644,0.325,
Botswana,Sub-Saharan Africa,2015,3.762,9.724,0.816,56.8,0.857,-0.116,0.86,0.746,0.261,4.332
Botswana,Sub-Saharan Africa,2016,3.499,9.748,0.768,57.5,0.852,-0.253,0.729,0.686,0.252,3.974
Botswana,Sub-Saharan Africa,2017,3.505,9.756,0.768,58.2,0.817,-0.248,0.731,0.656,0.276,3.766000032
Botswana,Sub-Saharan Africa,2018,3.461,9.778,0.795,58.9,0.818,-0.254,0.807,0.73,0.267,3.59
Botswana,Sub-Saharan Africa,2019,3.471,9.785,0.774,59.6,0.833,-0.239,0.792,0.712,0.273,3.488
Brazil,Latin America and Caribbean,2015,6.547,9.62,0.907,65.8,0.799,-0.016,0.771,0.755,0.325,6.983
Brazil,Latin America and Caribbean,2016,6.375,9.578,0.912,66,0.807,-0.1,0.781,0.763,0.302,6.952
Brazil,Latin America and Caribbean,2017,6.333,9.583,0.905,66.2,0.765,-0.175,0.794,0.716,0.308,6.635000229
Brazil,Latin America and Caribbean,2018,6.191,9.589,0.882,66.4,0.751,-0.117,0.763,0.75,0.35,6.419
Brazil,Latin America and Caribbean,2019,6.451,9.592,0.899,66.6,0.83,-0.062,0.762,0.761,0.337,6.3
Brazil,Latin America and Caribbean,2020,6.11,9.522,0.831,66.8,0.786,-0.053,0.729,0.692,0.389,
Bulgaria,Central and Eastern Europe,2015,4.865,9.883,0.908,66.2,0.637,-0.2,0.941,0.643,0.214,4.218
Bulgaria,Central and Eastern Europe,2016,4.838,9.928,0.926,66.4,0.7,-0.17,0.936,0.622,0.172,4.217
Bulgaria,Central and Eastern Europe,2017,5.097,9.969,0.942,66.6,0.689,-0.154,0.911,0.614,0.189,4.714000225
Bulgaria,Central and Eastern Europe,2018,5.099,10.007,0.924,66.8,0.724,-0.176,0.952,0.639,0.189,4.933
Bulgaria,Central and Eastern Europe,2019,5.108,10.047,0.948,67,0.822,-0.109,0.943,0.663,0.2,5.011
Bulgaria,Central and Eastern Europe,2020,5.598,9.991,0.916,67.2,0.818,-0.004,0.901,0.706,0.221,
Burkina Faso,Sub-Saharan Africa,2015,4.419,7.568,0.705,52.4,0.659,0.004,0.693,0.579,0.359,3.587
Burkina Faso,Sub-Saharan Africa,2016,4.206,7.596,0.764,52.9,0.645,-0.001,0.721,0.616,0.337,3.739
Burkina Faso,Sub-Saharan Africa,2017,4.647,7.627,0.785,53.4,0.614,-0.063,0.727,0.585,0.354,4.032000065
Burkina Faso,Sub-Saharan Africa,2018,4.927,7.665,0.665,53.9,0.721,-0.013,0.757,0.711,0.343,4.424
Burkina Faso,Sub-Saharan Africa,2019,4.741,7.691,0.683,54.4,0.678,-0.004,0.729,0.691,0.365,4.587
Burundi,Sub-Saharan Africa,2018,3.775,6.635,0.485,53.4,0.646,-0.024,0.599,0.666,0.363,2.905
Cambodia,Southeast Asia,2015,4.162,8.173,0.729,60.4,0.956,0.21,0.825,0.813,0.399,3.819
Cambodia,Southeast Asia,2016,4.461,8.225,0.746,60.8,0.958,0.076,0.84,0.839,0.398,3.907
Cambodia,Southeast Asia,2017,4.586,8.276,0.765,61.2,0.964,0.088,0.821,0.799,0.408,4.168000221
Cambodia,Southeast Asia,2018,5.122,8.333,0.795,61.6,0.958,0.036,,0.845,0.414,4.433
Cambodia,Southeast Asia,2019,4.998,8.387,0.759,62,0.957,0.013,0.828,0.844,0.39,4.7
Cambodia,Southeast Asia,2020,4.377,8.362,0.724,62.4,0.963,0.052,0.863,0.878,0.39,
Cameroon,Sub-Saharan Africa,2015,5.038,8.149,0.646,50.3,0.791,0.049,0.868,0.651,0.346,4.252
Cameroon,Sub-Saharan Africa,2016,4.816,8.167,0.659,51.1,0.713,-0.003,0.879,0.662,0.367,4.513
Cameroon,Sub-Saharan Africa,2017,5.074,8.176,0.695,51.9,0.767,-0.028,0.844,0.632,0.377,4.695000172
Cameroon,Sub-Saharan Africa,2018,5.251,8.19,0.677,52.7,0.816,0.036,0.884,0.642,0.356,4.975
Cameroon,Sub-Saharan Africa,2019,4.937,8.203,0.711,53.5,0.712,-0.008,0.817,0.629,0.326,5.044
Cameroon,Sub-Saharan Africa,2020,5.241,8.175,0.72,54.3,0.675,0.049,0.837,0.63,0.386,
Canada,North America and ANZ,2015,7.413,10.774,0.939,73,0.931,0.253,0.427,0.845,0.286,7.427
Canada,North America and ANZ,2016,7.245,10.773,0.924,73.2,0.912,0.211,0.385,0.825,0.237,7.404
Canada,North America and ANZ,2017,7.415,10.792,0.934,73.4,0.945,0.163,0.362,0.863,0.218,7.315999985
Canada,North America and ANZ,2018,7.175,10.798,0.923,73.6,0.946,0.106,0.372,0.824,0.259,7.328
Canada,North America and ANZ,2019,7.109,10.8,0.925,73.8,0.912,0.112,0.436,0.822,0.285,7.278
Canada,North America and ANZ,2020,7.025,10.73,0.931,74,0.887,0.05,0.434,0.796,0.307,
Central African Republic,Sub-Saharan Africa,2016,2.693,6.785,0.29,44.9,0.624,0.033,0.859,0.579,0.494,
Central African Republic,Sub-Saharan Africa,2017,3.476,6.817,0.32,45.2,0.645,0.073,0.89,0.614,0.599,2.693000078
Chad,Sub-Saharan Africa,2015,4.323,7.527,0.751,46.7,0.474,-0.029,0.889,0.607,0.358,3.667
Chad,Sub-Saharan Africa,2016,4.029,7.431,0.616,47.2,0.525,0.052,0.82,0.582,0.468,3.763
Chad,Sub-Saharan Africa,2017,4.559,7.37,0.661,47.7,0.615,0.008,0.792,0.628,0.538,3.936000109
Chad,Sub-Saharan Africa,2018,4.486,7.363,0.577,48.2,0.65,0.024,0.763,0.553,0.544,4.301
Chad,Sub-Saharan Africa,2019,4.251,7.365,0.64,48.7,0.537,0.055,0.832,0.587,0.46,4.35
Chile,Latin America and Caribbean,2015,6.533,10.07,0.827,69.6,0.769,0.041,0.812,0.803,0.333,6.67
Chile,Latin America and Caribbean,2016,6.579,10.074,0.841,69.7,0.652,0.102,0.858,0.869,0.283,6.705
Chile,Latin America and Caribbean,2017,6.32,10.072,0.88,69.8,0.79,-0.02,0.836,0.838,0.291,6.65199995
Chile,Latin America and Caribbean,2018,6.436,10.097,0.89,69.9,0.789,-0.06,0.816,0.833,0.276,6.476
Chile,Latin America and Caribbean,2019,5.942,10.095,0.869,70,0.659,-0.103,0.86,0.809,0.337,6.444
Chile,Latin America and Caribbean,2020,6.151,10.02,0.888,70.1,0.781,0.033,0.812,0.815,0.336,
China,East Asia,2015,5.304,9.449,0.794,68.4,,-0.244,,0.809,0.171,5.14
China,East Asia,2016,5.325,9.51,0.742,68.7,,-0.228,,0.826,0.146,5.245
China,East Asia,2017,5.099,9.571,0.772,69,0.878,-0.175,,0.821,0.214,5.272999763
China,East Asia,2018,5.131,9.632,0.788,69.3,0.895,-0.159,,0.856,0.19,5.246
China,East Asia,2019,5.144,9.688,0.822,69.6,0.927,-0.173,,0.891,0.147,5.191
China,East Asia,2020,5.771,9.702,0.808,69.9,0.891,-0.103,,0.789,0.245,
Colombia,Latin America and Caribbean,2015,6.388,9.564,0.89,66.8,0.791,-0.1,0.843,0.839,0.292,6.477
Colombia,Latin America and Caribbean,2016,6.234,9.571,0.882,67.1,0.835,-0.1,0.898,0.794,0.294,6.481
Colombia,Latin America and Caribbean,2017,6.157,9.569,0.909,67.4,0.838,-0.157,0.875,0.837,0.299,6.356999874
Colombia,Latin America and Caribbean,2018,5.984,9.579,0.871,67.7,0.851,-0.148,0.855,0.825,0.301,6.26
Colombia,Latin America and Caribbean,2019,6.35,9.598,0.873,68,0.822,-0.172,0.854,0.822,0.322,6.125
Colombia,Latin America and Caribbean,2020,5.709,9.495,0.797,68.3,0.84,-0.085,0.808,0.795,0.34,
Comoros,Sub-Saharan Africa,2018,3.973,8.028,0.621,57.2,0.56,0.086,0.794,0.748,0.337,
Comoros,Sub-Saharan Africa,2019,4.609,8.033,0.632,57.5,0.538,0.077,0.762,0.736,0.336,3.973
Congo (Brazzaville),Sub-Saharan Africa,2015,4.691,8.243,0.642,56.1,0.85,-0.104,0.841,0.606,0.261,3.989
Congo (Brazzaville),Sub-Saharan Africa,2016,4.119,8.19,0.615,56.7,0.786,-0.072,0.79,0.61,0.304,4.236
Congo (Brazzaville),Sub-Saharan Africa,2017,4.884,8.146,0.655,57.3,0.778,-0.131,0.763,0.599,0.382,4.290999889
Congo (Brazzaville),Sub-Saharan Africa,2018,5.49,8.136,0.621,57.9,0.699,-0.092,0.738,0.588,0.448,4.559
Congo (Brazzaville),Sub-Saharan Africa,2019,5.213,8.101,0.625,58.5,0.686,-0.046,0.741,0.645,0.405,4.812
Congo (Kinshasa),Sub-Saharan Africa,2015,3.903,6.971,0.767,52.1,0.574,-0.048,0.866,0.589,0.301,4.517
Congo (Kinshasa),Sub-Saharan Africa,2016,4.522,6.962,0.864,52.5,0.637,-0.024,0.875,0.646,0.222,4.272
Congo (Kinshasa),Sub-Saharan Africa,2017,4.311,6.966,0.67,52.9,0.704,0.068,0.809,0.551,0.404,4.28000021
Costa Rica,Latin America and Caribbean,2015,6.854,9.799,0.878,70.7,0.907,-0.059,0.761,0.85,0.286,7.226
Costa Rica,Latin America and Caribbean,2016,7.136,9.83,0.901,70.9,0.873,-0.032,0.781,0.874,0.281,7.087
Costa Rica,Latin America and Caribbean,2017,7.225,9.858,0.922,71.1,0.936,-0.076,0.742,0.874,0.275,7.078999996
Costa Rica,Latin America and Caribbean,2018,7.141,9.874,0.876,71.3,0.942,-0.107,0.781,0.87,0.326,7.072
Costa Rica,Latin America and Caribbean,2019,6.998,9.885,0.906,71.5,0.927,-0.146,0.836,0.848,0.303,7.167
Croatia,Central and Eastern Europe,2015,5.205,10.104,0.768,68.4,0.694,-0.096,0.849,0.609,0.294,5.759
Croatia,Central and Eastern Europe,2016,5.417,10.146,0.798,69,0.672,-0.065,0.884,0.614,0.337,5.488
Croatia,Central and Eastern Europe,2017,5.343,10.189,0.77,69.6,0.716,-0.104,0.892,0.655,0.316,5.293000221
Croatia,Central and Eastern Europe,2018,5.536,10.224,0.91,70.2,0.691,-0.151,0.925,0.582,0.29,5.321
Croatia,Central and Eastern Europe,2019,5.626,10.258,0.936,70.8,0.739,-0.137,0.932,0.551,0.269,5.432
Croatia,Central and Eastern Europe,2020,6.508,10.166,0.923,71.4,0.837,-0.063,0.961,0.743,0.286,
Cyprus,Western Europe,2015,5.439,10.445,0.77,73.1,0.628,0.114,0.893,0.747,0.383,5.689
Cyprus,Western Europe,2016,5.795,10.506,0.786,73.3,0.756,-0.03,0.898,0.742,0.336,5.546
Cyprus,Western Europe,2017,6.062,10.539,0.819,73.5,0.812,0.043,0.851,0.784,0.301,5.620999813
Cyprus,Western Europe,2018,6.276,10.567,0.826,73.7,0.794,-0.022,0.848,0.75,0.298,5.762
Cyprus,Western Europe,2019,6.137,10.585,0.776,73.9,0.74,-0.008,0.865,0.763,0.29,6.046
Cyprus,Western Europe,2020,6.26,,0.806,74.1,0.763,,0.816,0.759,0.284,
Czech Republic,Central and Eastern Europe,2015,6.608,10.496,0.911,68.8,0.808,-0.146,0.886,0.751,0.206,6.505
Czech Republic,Central and Eastern Europe,2016,6.736,10.518,0.931,69.3,0.85,-0.197,0.9,0.756,0.201,6.596
Czech Republic,Central and Eastern Europe,2017,6.79,10.558,0.901,69.8,0.832,-0.177,0.867,0.739,0.227,6.609000206
Czech Republic,Central and Eastern Europe,2018,7.034,10.583,0.929,70.3,0.79,-0.292,0.851,0.714,0.178,6.711
Czech Republic,Central and Eastern Europe,2020,6.897,10.53,0.964,71.3,0.906,-0.127,0.884,0.832,0.29,
Denmark,Western Europe,2015,7.514,10.878,0.96,71.5,0.941,0.222,0.191,0.829,0.218,7.527
Denmark,Western Europe,2016,7.558,10.903,0.954,71.8,0.948,0.138,0.21,0.836,0.208,7.526
Denmark,Western Europe,2017,7.594,10.916,0.952,72.1,0.955,0.155,0.181,0.824,0.206,7.521999836
Denmark,Western Europe,2018,7.649,10.935,0.958,72.4,0.935,0.018,0.151,0.821,0.206,7.555
Denmark,Western Europe,2019,7.693,10.954,0.958,72.7,0.963,0.02,0.174,0.862,0.181,7.6
Denmark,Western Europe,2020,7.515,10.91,0.947,73,0.938,0.052,0.214,0.818,0.227,
Dominican Republic,Latin America and Caribbean,2015,5.062,9.637,0.893,64.9,0.856,-0.065,0.755,0.714,0.295,4.885
Dominican Republic,Latin America and Caribbean,2016,5.239,9.691,0.895,65.2,0.873,-0.08,0.737,0.76,0.278,5.155
Dominican Republic,Latin America and Caribbean,2017,5.605,9.725,0.894,65.5,0.855,-0.121,0.76,0.739,0.275,5.230000019
Dominican Republic,Latin America and Caribbean,2018,5.433,9.782,0.862,65.8,0.867,-0.15,0.762,0.745,0.291,5.302
Dominican Republic,Latin America and Caribbean,2019,6.004,9.821,0.884,66.1,0.877,-0.123,0.746,0.784,0.264,5.425
Dominican Republic,Latin America and Caribbean,2020,5.168,9.802,0.806,66.4,0.835,-0.128,0.636,0.734,0.314,
Ecuador,Latin America and Caribbean,2015,5.964,9.384,0.856,67.6,0.801,-0.114,0.666,0.851,0.323,5.975
Ecuador,Latin America and Caribbean,2016,6.115,9.355,0.842,67.9,0.846,-0.015,0.774,0.846,0.365,5.976
Ecuador,Latin America and Caribbean,2017,5.84,9.36,0.849,68.2,0.879,-0.167,0.734,0.829,0.314,6.007999897
Ecuador,Latin America and Caribbean,2018,6.128,9.355,0.851,68.5,0.869,-0.099,0.831,0.876,0.328,5.973
Ecuador,Latin America and Caribbean,2019,5.809,9.339,0.808,68.8,0.83,-0.115,0.839,0.811,0.374,6.028
Ecuador,Latin America and Caribbean,2020,5.354,9.244,0.804,69.1,0.829,-0.157,0.855,0.79,0.416,
Egypt,Middle East and North Africa,2015,4.763,9.266,0.73,60.8,0.659,-0.089,0.684,0.61,0.344,4.194
Egypt,Middle East and North Africa,2016,4.557,9.287,0.809,61.1,0.656,-0.141,0.818,0.611,0.37,4.362
Egypt,Middle East and North Africa,2017,3.929,9.307,0.638,61.4,0.593,-0.152,,0.539,0.414,4.735000134
Egypt,Middle East and North Africa,2018,4.005,9.338,0.759,61.7,0.682,-0.215,,0.492,0.285,4.419
Egypt,Middle East and North Africa,2019,4.328,9.373,0.772,62,0.774,-0.199,,0.517,0.313,4.166
Egypt,Middle East and North Africa,2020,4.472,9.383,0.673,62.3,0.77,-0.112,,0.599,0.442,
El Salvador,Latin America and Caribbean,2015,6.018,9.005,0.791,65.2,0.733,-0.156,0.805,0.826,0.333,6.13
El Salvador,Latin America and Caribbean,2016,6.14,9.025,0.794,65.5,0.8,-0.185,0.797,0.761,0.346,6.068
El Salvador,Latin America and Caribbean,2017,6.339,9.042,0.829,65.8,0.758,-0.172,0.778,0.849,0.268,6.002999783
El Salvador,Latin America and Caribbean,2018,6.241,9.061,0.82,66.1,0.863,-0.095,0.801,0.86,0.27,6.167
El Salvador,Latin America and Caribbean,2019,6.455,9.08,0.764,66.4,0.877,-0.109,0.682,0.871,0.271,6.253
El Salvador,Latin America and Caribbean,2020,5.462,9.019,0.696,66.7,0.924,-0.126,0.583,0.839,0.329,
Estonia,Central and Eastern Europe,2015,5.629,10.348,0.918,68,0.815,-0.164,0.569,0.723,0.183,5.429
Estonia,Central and Eastern Europe,2016,5.65,10.374,0.938,68.2,0.843,-0.149,0.639,0.726,0.177,5.517
Estonia,Central and Eastern Europe,2017,5.938,10.429,0.936,68.4,0.862,-0.101,0.668,0.805,0.16,5.611000061
Estonia,Central and Eastern Europe,2018,6.091,10.472,0.933,68.6,0.886,-0.141,0.621,0.795,0.163,5.739
Estonia,Central and Eastern Europe,2019,6.035,10.511,0.934,68.8,0.887,-0.096,0.576,0.804,0.156,5.893
Estonia,Central and Eastern Europe,2020,6.453,10.459,0.958,69,0.954,-0.082,0.398,0.807,0.188,
Ethiopia,Sub-Saharan Africa,2015,4.573,7.484,0.626,57,0.803,0.113,0.567,0.714,0.237,4.512
Ethiopia,Sub-Saharan Africa,2016,4.298,7.547,0.719,57.5,0.744,0.038,0.703,0.727,0.254,4.508
Ethiopia,Sub-Saharan Africa,2017,4.18,7.612,0.734,58,0.717,0.001,0.757,0.609,0.304,4.460000038
Ethiopia,Sub-Saharan Africa,2018,4.379,7.651,0.74,58.5,0.74,0.039,0.799,0.66,0.272,4.35
Ethiopia,Sub-Saharan Africa,2019,4.1,7.705,0.748,59,0.754,0.053,0.732,0.631,0.283,4.286
Ethiopia,Sub-Saharan Africa,2020,4.549,7.711,0.823,59.5,0.769,0.188,0.784,0.669,0.252,
Finland,Western Europe,2015,7.448,10.716,0.948,71.6,0.93,0.111,0.223,0.751,0.191,7.406
Finland,Western Europe,2016,7.66,10.74,0.954,71.7,0.948,-0.027,0.25,0.797,0.182,7.413
Finland,Western Europe,2017,7.788,10.768,0.964,71.8,0.962,-0.002,0.192,0.787,0.176,7.468999863
Finland,Western Europe,2018,7.858,10.783,0.962,71.9,0.938,-0.127,0.199,0.782,0.182,7.632
Finland,Western Europe,2019,7.78,10.792,0.937,72,0.948,-0.052,0.195,0.755,0.181,7.769
Finland,Western Europe,2020,7.889,10.75,0.962,72.1,0.962,-0.116,0.164,0.744,0.193,
France,Western Europe,2015,6.358,10.682,0.896,73.2,0.817,-0.139,0.641,0.786,0.215,6.575
France,Western Europe,2016,6.475,10.69,0.885,73.4,0.787,-0.091,0.623,0.773,0.27,6.478
France,Western Europe,2017,6.635,10.711,0.931,73.6,0.834,-0.123,0.601,0.762,0.242,6.441999912
France,Western Europe,2018,6.666,10.727,0.921,73.8,0.816,-0.138,0.582,0.767,0.282,6.489
France,Western Europe,2019,6.69,10.74,0.958,74,0.827,-0.133,0.568,0.735,0.25,6.592
France,Western Europe,2020,6.714,10.643,0.947,74.2,0.823,-0.169,0.565,0.732,0.231,
Gabon,Sub-Saharan Africa,2015,4.661,9.649,0.756,58.2,0.671,-0.194,0.867,0.626,0.372,3.896
Gabon,Sub-Saharan Africa,2016,4.832,9.639,0.78,58.7,0.699,-0.204,0.817,0.64,0.432,4.121
Gabon,Sub-Saharan Africa,2017,4.782,9.616,0.807,59.2,0.652,-0.228,0.868,0.634,0.446,4.465000153
Gabon,Sub-Saharan Africa,2018,4.783,9.599,0.785,59.7,0.719,-0.197,0.823,0.641,0.418,4.758
Gabon,Sub-Saharan Africa,2019,4.914,9.607,0.763,60.2,0.736,-0.203,0.846,0.693,0.413,4.799
Gambia,Sub-Saharan Africa,2017,4.118,7.637,0.697,54.7,0.812,0.111,0.572,0.838,0.277,#N/A
Gambia,Sub-Saharan Africa,2018,4.922,7.671,0.685,55,0.719,0.44,0.691,0.804,0.379,
Gambia,Sub-Saharan Africa,2019,5.164,7.699,0.694,55.3,0.677,0.41,0.798,0.773,0.401,4.516
Georgia,Commonwealth of Independent States,2015,4.122,9.442,0.517,65.1,0.64,-0.205,0.502,0.547,0.233,4.297
Georgia,Commonwealth of Independent States,2016,4.448,9.47,0.533,64.9,0.606,-0.249,0.561,0.564,0.223,4.252
Georgia,Commonwealth of Independent States,2017,4.451,9.517,0.59,64.7,0.821,-0.244,0.59,0.581,0.21,4.285999775
Georgia,Commonwealth of Independent States,2018,4.659,9.565,0.617,64.5,0.775,-0.233,0.755,0.573,0.244,4.34
Georgia,Commonwealth of Independent States,2019,4.892,9.617,0.675,64.3,0.811,-0.26,0.647,0.604,0.244,4.519
Georgia,Commonwealth of Independent States,2020,5.123,9.569,0.718,64.1,0.764,-0.221,0.583,0.611,0.295,
Germany,Western Europe,2015,7.037,10.844,0.926,71.3,0.889,0.178,0.412,0.765,0.203,6.75
Germany,Western Europe,2016,6.874,10.858,0.906,71.6,0.871,0.148,0.446,0.738,0.187,6.994
Germany,Western Europe,2017,7.074,10.878,0.892,71.9,0.841,0.145,0.414,0.737,0.196,6.951000214
Germany,Western Europe,2018,7.118,10.89,0.92,72.2,0.877,0.034,0.496,0.78,0.243,6.965
Germany,Western Europe,2019,7.035,10.893,0.886,72.5,0.885,0.057,0.462,0.751,0.226,6.985
Germany,Western Europe,2020,7.312,10.833,0.905,72.8,0.864,-0.06,0.424,0.76,0.206,
Ghana,Sub-Saharan Africa,2015,3.986,8.449,0.687,56,0.852,-0.038,0.945,0.69,0.265,4.633
Ghana,Sub-Saharan Africa,2016,4.514,8.46,0.647,56.4,0.751,0.09,0.894,0.668,0.305,4.276
Ghana,Sub-Saharan Africa,2017,5.481,8.517,0.669,56.8,0.783,0.079,0.839,0.703,0.248,4.119999886
Ghana,Sub-Saharan Africa,2018,5.004,8.555,0.761,57.2,0.817,0.062,0.846,0.747,0.25,4.657
Ghana,Sub-Saharan Africa,2019,4.967,8.596,0.746,57.6,0.787,0.116,0.857,0.682,0.27,4.996
Ghana,Sub-Saharan Africa,2020,5.319,8.59,0.643,58,0.824,0.2,0.847,0.713,0.253,
Greece,Western Europe,2015,5.623,10.259,0.835,71.8,0.532,-0.272,0.824,0.74,0.277,4.857
Greece,Western Europe,2016,5.303,10.261,0.803,72,0.482,-0.26,0.898,0.701,0.336,5.033
Greece,Western Europe,2017,5.148,10.278,0.753,72.2,0.438,-0.29,0.872,0.603,0.333,5.227000237
Greece,Western Europe,2018,5.409,10.299,0.794,72.4,0.564,-0.335,0.86,0.666,0.255,5.358
Greece,Western Europe,2019,5.952,10.319,0.891,72.6,0.614,-0.289,0.848,0.668,0.236,5.287
Greece,Western Europe,2020,5.788,10.215,0.779,72.8,0.565,-0.241,0.764,0.684,0.322,
Guatemala,Latin America and Caribbean,2015,6.465,9.003,0.823,63.9,0.869,0.051,0.822,0.851,0.311,6.123
Guatemala,Latin America and Caribbean,2016,6.359,9.013,0.811,64.2,0.863,0.011,0.812,0.846,0.321,6.324
Guatemala,Latin America and Caribbean,2017,6.325,9.026,0.826,64.5,0.915,-0.059,0.8,0.846,0.308,6.453999996
Guatemala,Latin America and Caribbean,2018,6.627,9.042,0.841,64.8,0.91,-0.01,0.765,0.871,0.262,6.382
Guatemala,Latin America and Caribbean,2019,6.262,9.064,0.774,65.1,0.901,-0.062,0.773,0.859,0.311,6.436
Guinea,Sub-Saharan Africa,2015,3.505,7.645,0.579,51.1,0.666,0.007,0.762,0.667,0.268,3.656
Guinea,Sub-Saharan Africa,2016,3.603,7.721,0.675,52.2,0.726,-0.056,0.803,0.687,0.374,3.607
Guinea,Sub-Saharan Africa,2017,4.874,7.792,0.634,53.3,0.738,0.038,0.75,0.704,0.422,3.506999969
Guinea,Sub-Saharan Africa,2018,5.252,7.823,0.63,54.4,0.731,0.092,0.778,0.744,0.44,3.964
Guinea,Sub-Saharan Africa,2019,4.768,7.849,0.655,55.5,0.691,0.097,0.756,0.685,0.473,4.534
Haiti,Latin America and Caribbean,2015,3.57,7.476,0.564,55.1,0.398,0.306,0.777,0.619,0.333,4.518
Haiti,Latin America and Caribbean,2016,3.352,7.477,0.584,55.3,0.304,0.291,0.839,0.553,0.367,4.028
Haiti,Latin America and Caribbean,2017,3.824,7.475,0.647,55.5,0.484,0.381,0.647,0.573,0.322,3.602999926
Haiti,Latin America and Caribbean,2018,3.615,7.477,0.538,55.7,0.591,0.422,0.72,0.584,0.359,3.582
Honduras,Latin America and Caribbean,2015,4.845,8.572,0.772,66.6,0.534,-0.097,0.848,0.863,0.311,4.788
Honduras,Latin America and Caribbean,2016,5.648,8.593,0.774,66.8,0.85,0.08,0.793,0.832,0.297,4.871
Honduras,Latin America and Caribbean,2017,6.02,8.624,0.843,67,0.898,0.072,0.783,0.842,0.248,5.181000233
Honduras,Latin America and Caribbean,2018,5.908,8.643,0.827,67.2,0.872,0.099,0.804,0.872,0.287,5.504
Honduras,Latin America and Caribbean,2019,5.93,8.653,0.797,67.4,0.846,0.063,0.815,0.85,0.279,5.86
Hong Kong S.A.R. of China,East Asia,2016,5.498,10.97,0.832,,0.8,0.1,0.403,0.664,0.213,
Hong Kong S.A.R. of China,East Asia,2017,5.362,11,0.831,,0.831,0.14,0.416,0.64,0.201,#N/A
Hong Kong S.A.R. of China,East Asia,2019,5.659,11,0.856,,0.727,0.067,0.432,0.599,0.358,
Hong Kong S.A.R. of China,East Asia,2020,5.295,,0.813,,0.705,,0.38,0.609,0.21,
Hungary,Central and Eastern Europe,2015,5.344,10.223,0.859,66.4,0.558,-0.198,0.908,0.707,0.245,4.8
Hungary,Central and Eastern Europe,2016,5.449,10.248,0.9,66.8,0.554,-0.187,0.924,0.666,0.243,5.145
Hungary,Central and Eastern Europe,2017,6.065,10.293,0.877,67.2,0.661,-0.139,0.886,0.735,0.181,5.323999882
Hungary,Central and Eastern Europe,2018,5.936,10.344,0.941,67.6,0.693,-0.243,0.911,0.676,0.201,5.62
Hungary,Central and Eastern Europe,2019,6,10.393,0.947,68,0.798,-0.195,0.884,0.743,0.18,5.758
Hungary,Central and Eastern Europe,2020,6.038,10.335,0.943,68.4,0.771,-0.12,0.836,0.735,0.24,
Iceland,Western Europe,2015,7.498,10.854,0.98,73,0.94,0.301,0.639,0.849,0.18,7.561
Iceland,Western Europe,2016,7.51,10.904,0.985,73,0.952,0.281,0.719,0.874,0.158,7.501
Iceland,Western Europe,2017,7.476,10.925,0.967,73,0.939,0.246,0.727,0.895,0.148,7.504000187
Iceland,Western Europe,2019,7.533,10.931,0.982,73,0.959,,0.699,0.836,0.178,7.494
Iceland,Western Europe,2020,7.575,10.824,0.983,73,0.949,0.16,0.644,0.863,0.172,
India,South Asia,2015,4.342,8.604,0.61,58.9,0.777,-0.005,0.776,0.701,0.322,4.565
India,South Asia,2016,4.179,8.673,0.614,59.3,0.82,0.046,0.765,0.695,0.346,4.404
India,South Asia,2017,4.046,8.73,0.607,59.7,0.886,-0.042,0.781,0.682,0.318,4.315000057
India,South Asia,2018,3.818,8.779,0.638,60.1,0.89,0.085,0.805,0.657,0.357,4.19
India,South Asia,2019,3.249,8.818,0.561,60.5,0.876,0.112,0.752,0.648,0.466,4.015
India,South Asia,2020,4.225,8.703,0.617,60.9,0.906,0.075,0.78,0.752,0.383,
Indonesia,Southeast Asia,2015,5.043,9.225,0.809,61.5,0.779,0.471,0.946,0.876,0.274,5.399
Indonesia,Southeast Asia,2016,5.136,9.262,0.792,61.7,0.83,0.5,0.89,0.833,0.342,5.314
Indonesia,Southeast Asia,2017,5.098,9.3,0.796,61.9,0.865,0.488,0.9,0.863,0.319,5.262000084
Indonesia,Southeast Asia,2018,5.34,9.339,0.809,62.1,0.879,0.512,0.868,0.864,0.296,5.093
Indonesia,Southeast Asia,2019,5.347,9.377,0.802,62.3,0.866,0.555,0.861,0.877,0.302,5.192
Iran,Middle East and North Africa,2015,4.75,9.449,0.572,65.1,0.78,0.176,0.699,0.645,0.52,4.686
Iran,Middle East and North Africa,2016,4.653,9.561,0.566,65.4,0.773,0.186,0.713,0.687,0.526,4.813
Iran,Middle East and North Africa,2017,4.717,9.584,0.714,65.7,0.731,0.218,0.715,0.694,0.439,4.691999912
Iran,Middle East and North Africa,2018,4.278,,0.674,66,0.603,,0.703,0.553,0.493,4.707
Iran,Middle East and North Africa,2019,5.006,,0.698,66.3,0.623,,0.728,0.6,0.449,4.548
Iran,Middle East and North Africa,2020,4.865,,0.757,66.6,0.6,,0.71,0.582,0.47,
Iraq,Middle East and North Africa,2015,4.493,9.241,0.684,58.4,0.599,0.019,0.762,0.49,0.581,4.677
Iraq,Middle East and North Africa,2016,4.413,9.354,0.719,59,0.666,-0.052,0.799,0.489,0.57,4.575
Iraq,Middle East and North Africa,2017,4.462,9.303,0.695,59.6,0.628,0,0.757,0.505,0.591,4.497000217
Iraq,Middle East and North Africa,2018,4.886,9.274,0.764,60.2,0.598,-0.068,0.887,0.605,0.482,4.456
Iraq,Middle East and North Africa,2020,4.785,9.167,0.708,61.4,0.7,-0.021,0.849,0.644,0.532,
Ireland,Western Europe,2015,6.83,11.174,0.953,72,0.892,0.233,0.409,0.799,0.225,6.94
Ireland,Western Europe,2016,7.041,11.199,0.958,72.1,0.875,0.174,0.399,0.809,0.211,6.907
Ireland,Western Europe,2017,7.06,11.266,0.943,72.2,0.905,0.216,0.337,0.833,0.213,6.977000237
Ireland,Western Europe,2018,6.962,11.332,0.938,72.3,0.861,0.144,0.362,0.811,0.213,6.977
Ireland,Western Europe,2019,7.255,11.371,0.944,72.4,0.892,0.074,0.373,0.807,0.223,7.021
Ireland,Western Europe,2020,7.035,11.323,0.96,72.5,0.882,0.014,0.356,0.797,0.246,
Israel,Middle East and North Africa,2015,7.079,10.536,0.864,72.7,0.753,0.108,0.789,0.697,0.256,7.278
Israel,Middle East and North Africa,2016,7.159,10.555,0.89,72.9,0.772,0.153,0.804,0.629,0.263,7.267
Israel,Middle East and North Africa,2017,7.331,10.57,0.916,73.1,0.768,0.145,0.793,0.674,0.276,7.212999821
Israel,Middle East and North Africa,2018,6.927,10.585,0.91,73.3,0.725,0.055,0.77,0.663,0.282,6.814
Israel,Middle East and North Africa,2019,7.332,10.601,0.946,73.5,0.834,0.085,0.743,0.635,0.266,7.139
Israel,Middle East and North Africa,2020,7.195,10.538,0.959,73.7,0.831,-0.049,0.748,0.621,0.243,
Italy,Western Europe,2015,5.848,10.608,0.909,73,0.575,-0.064,0.913,0.692,0.329,5.948
Italy,Western Europe,2016,5.955,10.622,0.927,73.2,0.624,-0.081,0.903,0.685,0.339,5.977
Italy,Western Europe,2017,6.199,10.64,0.92,73.4,0.633,-0.035,0.867,0.661,0.323,5.964000225
Italy,Western Europe,2018,6.517,10.65,0.913,73.6,0.65,-0.021,0.888,0.649,0.403,6
Italy,Western Europe,2019,6.445,10.655,0.838,73.8,0.709,-0.082,0.866,0.631,0.328,6.223
Italy,Western Europe,2020,6.488,10.563,0.89,74,0.718,-0.15,0.844,0.67,0.311,
Ivory Coast,Sub-Saharan Africa,2015,4.445,8.393,0.704,47.7,0.8,-0.053,0.744,0.664,0.347,3.655
Ivory Coast,Sub-Saharan Africa,2016,4.543,8.437,0.617,48.3,0.769,-0.043,0.757,0.704,0.378,3.916
Ivory Coast,Sub-Saharan Africa,2017,5.038,8.483,0.661,48.9,0.732,-0.111,0.771,0.698,0.357,4.179999828
Ivory Coast,Sub-Saharan Africa,2018,5.268,8.523,0.621,49.5,0.713,-0.05,0.791,0.682,0.386,4.671
Ivory Coast,Sub-Saharan Africa,2019,5.392,8.564,0.679,50.1,0.736,-0.017,0.799,0.674,0.425,4.944
Ivory Coast,Sub-Saharan Africa,2020,5.257,8.565,0.613,50.7,0.77,0.016,0.777,0.693,0.34,
Jamaica,Latin America and Caribbean,2017,5.89,9.169,0.913,67.1,0.861,-0.13,0.883,0.769,0.243,5.31099987
Jamaica,Latin America and Caribbean,2019,6.309,9.186,0.878,67.5,0.891,-0.137,0.885,0.752,0.195,5.89
Japan,East Asia,2015,5.88,10.588,0.923,74.7,0.832,-0.155,0.654,0.768,0.176,5.987
Japan,East Asia,2016,5.955,10.595,0.9,74.8,0.836,-0.062,0.698,0.76,0.192,5.921
Japan,East Asia,2017,5.911,10.618,0.882,74.9,0.849,-0.206,0.659,0.74,0.176,5.920000076
Japan,East Asia,2018,5.794,10.623,0.886,75,0.773,-0.261,0.687,0.703,0.185,5.915
Japan,East Asia,2019,5.908,10.632,0.878,75.1,0.806,-0.255,0.617,0.743,0.194,5.886
Japan,East Asia,2020,6.118,10.58,0.887,75.2,0.806,-0.259,0.609,0.742,0.186,
Jordan,Middle East and North Africa,2015,5.405,9.207,0.83,66.2,0.767,-0.046,,0.69,0.305,5.192
Jordan,Middle East and North Africa,2016,5.271,9.197,0.82,66.4,0.771,-0.038,,0.641,0.312,5.303
Jordan,Middle East and North Africa,2017,4.808,9.194,0.815,66.6,0.766,-0.152,,0.628,0.392,5.335999966
Jordan,Middle East and North Africa,2018,4.639,9.196,0.8,66.8,0.762,-0.186,,,,5.161
Jordan,Middle East and North Africa,2019,4.453,9.201,0.793,67,0.726,-0.165,,,,4.906
Jordan,Middle East and North Africa,2020,4.094,9.15,0.709,67.2,0.779,-0.15,,,,
Kazakhstan,Commonwealth of Independent States,2015,5.95,10.098,0.931,62.8,0.74,-0.037,0.714,0.73,0.174,5.855
Kazakhstan,Commonwealth of Independent States,2016,5.534,10.095,0.928,63.4,0.783,-0.036,0.702,0.702,0.155,5.919
Kazakhstan,Commonwealth of Independent States,2017,5.882,10.121,0.914,64,0.745,-0.035,0.755,0.757,0.171,5.818999767
Kazakhstan,Commonwealth of Independent States,2018,6.008,10.148,0.937,64.6,0.84,-0.098,0.824,0.693,0.162,5.79
Kazakhstan,Commonwealth of Independent States,2019,6.272,10.179,0.951,65.2,0.852,-0.055,0.708,0.787,0.139,5.809
Kazakhstan,Commonwealth of Independent States,2020,6.168,10.135,0.966,65.8,0.872,-0.056,0.661,0.684,0.15,
Kenya,Sub-Saharan Africa,2015,4.358,8.249,0.777,58.3,0.793,0.221,0.853,0.702,0.172,4.419
Kenya,Sub-Saharan Africa,2016,4.396,8.282,0.706,58.9,0.749,0.298,0.828,0.743,0.226,4.356
Kenya,Sub-Saharan Africa,2017,4.476,8.306,0.715,59.5,0.853,0.234,0.854,0.788,0.23,4.552999973
Kenya,Sub-Saharan Africa,2018,4.656,8.344,0.707,60.1,0.821,0.291,0.844,0.759,0.237,4.41
Kenya,Sub-Saharan Africa,2019,4.619,8.373,0.676,60.7,0.818,0.31,0.794,0.751,0.251,4.509
Kenya,Sub-Saharan Africa,2020,4.547,8.365,0.674,61.3,0.702,0.26,0.837,0.733,0.297,
Kosovo,Central and Eastern Europe,2015,5.077,9.182,0.805,,0.561,0.181,0.851,0.753,0.18,5.589
Kosovo,Central and Eastern Europe,2016,5.759,9.228,0.824,,0.827,0.125,0.941,0.704,0.15,5.401
Kosovo,Central and Eastern Europe,2017,6.149,9.262,0.792,,0.858,0.117,0.925,0.738,0.186,5.278999805
Kosovo,Central and Eastern Europe,2018,6.392,9.296,0.822,,0.89,0.269,0.922,0.778,0.17,5.662
Kosovo,Central and Eastern Europe,2019,6.425,9.339,0.843,,0.841,0.247,0.92,0.749,0.141,6.1
Kosovo,Central and Eastern Europe,2020,6.294,,0.792,,0.88,,0.91,0.726,0.201,
Kuwait,Middle East and North Africa,2015,6.146,10.912,0.823,66.1,0.822,0.082,,0.723,0.324,6.295
Kuwait,Middle East and North Africa,2016,5.947,10.91,0.845,66.3,0.841,-0.075,,0.688,0.315,6.239
Kuwait,Middle East and North Africa,2017,6.094,10.837,0.853,66.5,0.884,-0.005,,0.692,0.307,6.105000019
Kuwait,Middle East and North Africa,2019,6.106,10.817,0.842,66.9,0.867,-0.104,,0.695,0.303,6.021
Kyrgyzstan,Commonwealth of Independent States,2015,4.905,8.477,0.857,63.2,0.813,0.2,0.858,0.767,0.173,5.286
Kyrgyzstan,Commonwealth of Independent States,2016,4.857,8.5,0.914,63.5,0.814,0.056,0.917,0.778,0.126,5.185
Kyrgyzstan,Commonwealth of Independent States,2017,5.63,8.526,0.883,63.8,0.859,0.143,0.874,0.755,0.16,5.004000187
Kyrgyzstan,Commonwealth of Independent States,2018,5.297,8.543,0.898,64.1,0.945,0.267,0.907,0.763,0.203,5.131
Kyrgyzstan,Commonwealth of Independent States,2019,5.685,8.567,0.877,64.4,0.92,-0.002,0.885,0.766,0.207,5.261
Kyrgyzstan,Commonwealth of Independent States,2020,6.25,8.503,0.902,64.7,0.935,0.103,0.931,0.803,0.258,
Laos,Southeast Asia,2017,4.623,8.89,0.707,58.3,0.891,0.073,0.592,0.873,0.344,#N/A
Laos,Southeast Asia,2018,4.859,8.935,0.705,58.7,0.907,0.141,0.634,0.852,0.332,4.623
Laos,Southeast Asia,2019,5.197,8.965,0.729,59.1,0.906,0.061,0.62,0.878,0.306,4.796
Laos,Southeast Asia,2020,5.284,8.96,0.66,59.5,0.915,0.141,0.748,0.822,0.358,
Latvia,Central and Eastern Europe,2015,5.881,10.185,0.879,65.9,0.656,-0.077,0.808,0.608,0.228,5.098
Latvia,Central and Eastern Europe,2016,5.94,10.211,0.917,66.2,0.685,-0.156,0.868,0.654,0.231,5.56
Latvia,Central and Eastern Europe,2017,5.978,10.257,0.895,66.5,0.7,-0.154,0.798,0.623,0.232,5.849999905
Latvia,Central and Eastern Europe,2018,5.901,10.307,0.913,66.8,0.608,-0.212,0.799,0.585,0.192,5.933
Latvia,Central and Eastern Europe,2019,5.97,10.336,0.936,67.1,0.698,-0.194,0.789,0.575,0.212,5.94
Latvia,Central and Eastern Europe,2020,6.229,10.3,0.928,67.4,0.82,-0.078,0.809,0.714,0.202,
Lebanon,Middle East and North Africa,2015,5.172,9.699,0.742,65.6,0.597,0.073,0.889,0.568,0.243,4.839
Lebanon,Middle East and North Africa,2016,5.271,9.687,0.828,66.1,0.657,0.031,0.853,0.553,0.263,5.129
Lebanon,Middle East and North Africa,2017,5.154,9.681,0.777,66.6,0.605,-0.074,0.911,0.515,0.244,5.224999905
Lebanon,Middle East and North Africa,2018,5.167,9.656,0.829,67.1,0.607,-0.066,0.907,0.464,0.271,5.358
Lebanon,Middle East and North Africa,2019,4.024,9.597,0.866,67.6,0.447,-0.081,0.89,0.322,0.494,5.197
Lesotho,Sub-Saharan Africa,2016,3.808,7.953,0.798,46.6,0.729,-0.099,0.743,0.732,0.27,
Lesotho,Sub-Saharan Africa,2017,3.795,7.931,0.769,47.3,0.757,-0.145,0.797,0.746,0.255,3.808000088
Lesotho,Sub-Saharan Africa,2019,3.512,7.926,0.79,48.7,0.716,-0.131,0.915,0.735,0.273,3.802
Liberia,Sub-Saharan Africa,2015,2.702,7.365,0.638,53.7,0.671,-0.061,0.903,0.505,0.388,4.571
Liberia,Sub-Saharan Africa,2016,3.355,7.324,0.643,54.5,0.763,0.033,0.901,0.636,0.509,3.622
Liberia,Sub-Saharan Africa,2017,4.424,7.324,0.685,55.3,0.733,-0.012,0.867,0.668,0.391,3.532999992
Liberia,Sub-Saharan Africa,2018,4.135,7.311,0.727,56.1,0.766,0.05,0.868,0.66,0.436,3.495
Liberia,Sub-Saharan Africa,2019,5.121,7.264,0.712,56.9,0.706,0.051,0.828,0.636,0.389,3.975
Libya,Middle East and North Africa,2015,5.615,9.308,0.868,62.3,0.775,-0.044,,0.704,0.369,5.754
Libya,Middle East and North Africa,2016,5.434,9.268,0.876,62.3,0.822,-0.089,,0.718,0.383,5.615
Libya,Middle East and North Africa,2017,5.647,9.491,0.823,62.3,0.779,-0.019,0.673,0.697,0.379,5.525000095
Libya,Middle East and North Africa,2018,5.494,9.617,0.824,62.3,0.781,-0.101,0.646,0.706,0.399,5.566
Libya,Middle East and North Africa,2019,5.33,9.627,0.827,62.3,0.762,-0.073,0.686,0.709,0.401,5.525
Lithuania,Central and Eastern Europe,2015,5.711,10.335,0.929,65.5,0.641,-0.254,0.924,0.595,0.276,5.833
Lithuania,Central and Eastern Europe,2016,5.866,10.373,0.938,66.1,0.614,-0.266,0.949,0.594,0.25,5.813
Lithuania,Central and Eastern Europe,2017,6.273,10.429,0.926,66.7,0.749,-0.174,0.79,0.608,0.195,5.90199995
Lithuania,Central and Eastern Europe,2018,6.309,10.474,0.929,67.3,0.699,-0.237,0.852,0.517,0.214,5.952
Lithuania,Central and Eastern Europe,2019,6.064,10.518,0.918,67.9,0.78,-0.251,0.783,0.566,0.276,6.149
Lithuania,Central and Eastern Europe,2020,6.391,10.504,0.953,68.5,0.824,-0.122,0.829,0.66,0.202,
Luxembourg,Western Europe,2015,6.702,11.617,0.934,72.6,0.932,0.052,0.375,0.757,0.193,6.946
Luxembourg,Western Europe,2016,6.967,11.64,0.941,72.6,0.882,0.019,0.356,0.758,0.192,6.871
Luxembourg,Western Europe,2017,7.061,11.634,0.905,72.6,0.903,0.044,0.33,0.766,0.184,6.862999916
Luxembourg,Western Europe,2018,7.243,11.645,0.902,72.6,0.884,-0.022,0.385,0.75,0.202,6.91
Luxembourg,Western Europe,2019,7.404,11.648,0.912,72.6,0.93,-0.045,0.39,0.789,0.212,7.09
Madagascar,Sub-Saharan Africa,2015,3.593,7.344,0.647,57.9,0.545,-0.041,0.861,0.802,0.226,3.681
Madagascar,Sub-Saharan Africa,2016,3.663,7.356,0.746,58.3,0.57,-0.069,0.864,0.813,0.204,3.695
Madagascar,Sub-Saharan Africa,2017,4.079,7.368,0.626,58.7,0.57,-0.033,0.847,0.752,0.375,3.644000053
Madagascar,Sub-Saharan Africa,2018,4.071,7.386,0.666,59.1,0.551,0.003,0.889,0.752,0.362,3.774
Madagascar,Sub-Saharan Africa,2019,4.339,7.406,0.701,59.5,0.55,-0.012,0.72,0.723,0.304,3.933
Malawi,Sub-Saharan Africa,2015,3.868,6.935,0.494,55.5,0.801,0.058,0.835,0.633,0.26,4.292
Malawi,Sub-Saharan Africa,2016,3.476,6.932,0.524,56.2,0.81,0.066,0.824,0.603,0.325,4.156
Malawi,Sub-Saharan Africa,2017,3.417,6.945,0.555,56.9,0.848,0.025,0.735,0.609,0.312,3.970000029
Malawi,Sub-Saharan Africa,2018,3.335,6.949,0.528,57.6,0.799,0.073,0.766,0.586,0.365,3.587
Malawi,Sub-Saharan Africa,2019,3.869,6.966,0.549,58.3,0.765,0.004,0.68,0.537,0.348,3.41
Malaysia,Southeast Asia,2015,6.322,10.118,0.818,66.4,0.675,0.222,0.838,0.775,0.314,5.77
Malaysia,Southeast Asia,2018,5.339,10.223,0.789,67,0.875,0.127,0.894,0.824,0.2,6.322
Malaysia,Southeast Asia,2019,5.428,10.252,0.842,67.2,0.916,0.123,0.782,0.834,0.176,5.339
Maldives,South Asia,2018,5.198,9.826,0.913,70.6,0.855,0.024,,,,
Mali,Sub-Saharan Africa,2015,4.582,7.669,0.83,50.2,0.634,-0.068,0.8,0.709,0.243,3.995
Mali,Sub-Saharan Africa,2016,4.016,7.695,0.836,50.7,0.696,-0.07,0.862,0.807,0.305,4.073
Mali,Sub-Saharan Africa,2017,4.742,7.718,0.741,51.2,0.753,-0.069,0.863,0.742,0.393,4.190000057
Mali,Sub-Saharan Africa,2018,4.416,7.733,0.692,51.7,0.737,-0.034,0.793,0.77,0.37,4.447
Mali,Sub-Saharan Africa,2019,4.988,7.752,0.755,52.2,0.67,-0.038,0.846,0.712,0.358,4.39
Malta,Western Europe,2015,6.613,10.566,0.919,72.2,0.912,0.347,0.664,0.68,0.355,6.302
Malta,Western Europe,2016,6.591,10.599,0.93,72.2,0.916,0.345,0.696,0.687,0.355,6.488
Malta,Western Europe,2017,6.676,10.635,0.937,72.2,0.924,0.253,0.69,0.721,0.302,6.52699995
Malta,Western Europe,2018,6.91,10.67,0.932,72.2,0.927,0.179,0.595,0.721,0.296,6.627
Malta,Western Europe,2019,6.733,10.677,0.922,72.2,0.924,0.087,0.689,0.707,0.356,6.726
Malta,Western Europe,2020,6.157,,0.938,72.2,0.931,,0.675,0.601,0.411,
Mauritania,Sub-Saharan Africa,2015,3.923,8.542,0.875,56.1,0.447,0.055,0.715,0.82,0.194,4.436
Mauritania,Sub-Saharan Africa,2016,4.472,8.526,0.785,56.4,0.467,-0.175,0.842,0.735,0.222,4.201
Mauritania,Sub-Saharan Africa,2017,4.678,8.533,0.779,56.7,0.527,-0.153,0.777,0.637,0.272,4.291999817
Mauritania,Sub-Saharan Africa,2018,4.314,8.526,0.802,57,0.467,-0.112,0.711,0.663,0.276,4.356
Mauritania,Sub-Saharan Africa,2019,4.153,8.556,0.798,57.3,0.628,-0.102,0.743,0.692,0.26,4.49
Mauritius,Sub-Saharan Africa,2016,5.61,9.935,0.836,65.8,0.819,0.139,0.891,0.785,0.246,5.648
Mauritius,Sub-Saharan Africa,2017,6.174,9.972,0.91,66.1,0.912,0.087,0.818,0.748,0.169,5.629000187
Mauritius,Sub-Saharan Africa,2018,5.882,10.008,0.909,66.4,0.867,-0.073,0.785,0.774,0.158,5.891
Mauritius,Sub-Saharan Africa,2019,6.241,10.043,0.913,66.7,0.893,-0.053,0.81,0.808,0.149,5.888
Mauritius,Sub-Saharan Africa,2020,6.015,9.972,0.893,67,0.843,-0.037,0.772,0.767,0.138,
Mexico,Latin America and Caribbean,2015,6.236,9.867,0.761,67.4,0.719,-0.152,0.708,0.745,0.237,7.187
Mexico,Latin America and Caribbean,2016,6.824,9.884,0.893,67.7,0.752,-0.153,0.809,0.859,0.22,6.778
Mexico,Latin America and Caribbean,2017,6.41,9.893,0.8,68,0.861,-0.202,0.801,0.843,0.231,6.578000069
Mexico,Latin America and Caribbean,2018,6.55,9.903,0.858,68.3,0.816,-0.179,0.809,0.882,0.213,6.488
Mexico,Latin America and Caribbean,2019,6.432,9.891,0.852,68.6,0.903,-0.141,0.809,0.864,0.252,6.595
Mexico,Latin America and Caribbean,2020,5.964,9.782,0.779,68.9,0.873,-0.119,0.778,0.81,0.292,
Moldova,Commonwealth of Independent States,2015,6.017,9.246,0.84,62.9,0.595,-0.09,0.943,0.59,0.281,5.889
Moldova,Commonwealth of Independent States,2016,5.578,9.3,0.837,63.6,0.557,-0.047,0.969,0.621,0.275,5.897
Moldova,Commonwealth of Independent States,2017,5.326,9.363,0.831,64.3,0.553,-0.053,0.926,0.581,0.259,5.837999821
Moldova,Commonwealth of Independent States,2018,5.682,9.423,0.892,65,0.824,-0.084,0.929,0.582,0.27,5.64
Moldova,Commonwealth of Independent States,2019,5.803,9.475,0.809,65.7,0.784,-0.092,0.884,0.631,0.262,5.529
Moldova,Commonwealth of Independent States,2020,5.812,9.462,0.874,66.4,0.859,-0.058,0.941,0.727,0.268,
Mongolia,East Asia,2015,4.983,9.308,0.906,61.7,0.686,0.173,0.9,0.653,0.208,4.874
Mongolia,East Asia,2016,5.057,9.3,0.947,61.9,0.76,0.09,0.9,0.694,0.171,4.907
Mongolia,East Asia,2017,5.334,9.334,0.924,62.1,0.675,0.119,0.865,0.675,0.214,4.954999924
Mongolia,East Asia,2018,5.465,9.386,0.942,62.3,0.696,0.054,0.849,0.654,0.192,5.125
Mongolia,East Asia,2019,5.563,9.418,0.946,62.5,0.711,0.149,0.873,0.707,0.167,5.285
Mongolia,East Asia,2020,6.011,9.396,0.918,62.7,0.718,0.141,0.843,0.636,0.26,
Montenegro,Central and Eastern Europe,2015,5.125,9.81,0.74,67.9,0.583,-0.144,0.781,0.58,0.337,5.192
Montenegro,Central and Eastern Europe,2016,5.304,9.839,0.866,68.1,0.569,-0.087,0.849,0.591,0.337,5.161
Montenegro,Central and Eastern Europe,2017,5.615,9.885,0.881,68.3,0.626,-0.083,0.756,0.519,0.35,5.236999989
Montenegro,Central and Eastern Europe,2018,5.65,9.934,0.856,68.5,0.626,-0.051,0.769,0.59,0.355,5.347
Montenegro,Central and Eastern Europe,2019,5.386,9.97,0.832,68.7,0.694,-0.105,0.82,0.591,0.366,5.523
Montenegro,Central and Eastern Europe,2020,5.722,9.913,0.887,68.9,0.802,0.06,0.845,0.603,0.411,
Morocco,Middle East and North Africa,2015,5.163,8.872,0.606,65,0.713,-0.228,0.842,0.661,0.262,5.013
Morocco,Middle East and North Africa,2016,5.386,8.869,0.655,65.3,0.817,-0.237,0.717,0.713,0.205,5.151
Morocco,Middle East and North Africa,2017,5.312,8.898,0.641,65.6,0.814,-0.216,0.841,0.559,0.323,5.235000134
Morocco,Middle East and North Africa,2018,4.897,8.914,0.554,65.9,0.773,-0.234,0.843,0.638,0.416,5.254
Morocco,Middle East and North Africa,2019,5.057,8.925,0.535,66.2,0.757,-0.244,0.757,0.589,0.41,5.208
Morocco,Middle East and North Africa,2020,4.803,8.871,0.553,66.5,0.819,-0.229,0.803,0.587,0.256,
Mozambique,Sub-Saharan Africa,2015,4.55,7.141,0.666,51.2,0.813,0.089,0.632,0.564,0.34,4.971
Mozambique,Sub-Saharan Africa,2017,4.28,7.157,0.678,53.2,0.823,-0.03,0.682,0.648,0.353,4.550000191
Mozambique,Sub-Saharan Africa,2018,4.654,7.162,0.738,54.2,0.897,0.049,0.691,0.64,0.397,4.417
Mozambique,Sub-Saharan Africa,2019,4.932,7.155,0.742,55.2,0.87,0.073,0.682,0.587,0.384,4.466
Myanmar,Southeast Asia,2015,4.224,8.359,0.752,58.1,0.808,0.688,0.633,0.866,0.272,4.307
Myanmar,Southeast Asia,2016,4.623,8.408,0.793,58.4,0.877,0.679,0.607,0.804,0.302,4.395
Myanmar,Southeast Asia,2017,4.154,8.464,0.795,58.7,0.886,0.65,0.619,0.746,0.282,4.545000076
Myanmar,Southeast Asia,2018,4.411,8.523,0.774,59,0.906,0.49,0.647,0.777,0.3,4.308
Myanmar,Southeast Asia,2019,4.434,8.545,0.763,59.3,0.899,0.561,0.682,0.755,0.286,4.36
Myanmar,Southeast Asia,2020,4.431,8.554,0.796,59.6,0.825,0.47,0.647,0.8,0.289,
Namibia,Sub-Saharan Africa,2017,4.441,9.215,0.828,56.2,0.81,-0.19,0.831,0.721,0.277,4.573999882
Namibia,Sub-Saharan Africa,2018,4.834,9.204,0.864,56.5,0.754,-0.169,0.846,0.739,0.24,4.441
Namibia,Sub-Saharan Africa,2019,4.436,9.173,0.845,56.8,0.739,-0.174,0.879,0.672,0.256,4.639
Namibia,Sub-Saharan Africa,2020,4.451,9.104,0.741,57.1,0.666,-0.104,0.81,0.648,0.248,
Nepal,South Asia,2015,4.812,7.976,0.748,60.2,0.763,0.227,0.824,0.543,0.358,4.514
Nepal,South Asia,2016,5.1,7.973,0.837,61.3,0.839,0.168,0.817,0.627,0.37,4.793
Nepal,South Asia,2017,4.737,8.039,0.816,62.4,0.845,0.134,0.77,0.571,0.376,4.961999893
Nepal,South Asia,2018,4.91,8.087,0.768,63.5,0.77,0.122,0.742,0.537,0.387,4.88
Nepal,South Asia,2019,5.449,8.136,0.772,64.6,0.79,0.167,0.712,0.536,0.357,4.913
Netherlands,Western Europe,2015,7.324,10.882,0.879,72,0.904,0.261,0.412,0.834,0.202,7.378
Netherlands,Western Europe,2016,7.541,10.899,0.926,72.1,0.907,0.239,0.433,0.838,0.215,7.339
Netherlands,Western Europe,2017,7.459,10.921,0.937,72.2,0.92,0.25,0.363,0.852,0.185,7.376999855
Netherlands,Western Europe,2018,7.463,10.941,0.939,72.3,0.92,0.161,0.371,0.862,0.205,7.441
Netherlands,Western Europe,2019,7.425,10.953,0.941,72.4,0.886,0.213,0.36,0.838,0.231,7.488
Netherlands,Western Europe,2020,7.504,10.901,0.944,72.5,0.935,0.151,0.281,0.784,0.247,
New Zealand,North America and ANZ,2015,7.418,10.608,0.987,72.6,0.942,0.329,0.186,0.834,0.16,7.286
New Zealand,North America and ANZ,2016,7.226,10.623,0.937,72.8,0.927,0.266,0.278,0.833,0.207,7.334
New Zealand,North America and ANZ,2017,7.327,10.633,0.955,73,0.942,0.294,0.222,0.817,0.172,7.31400013
New Zealand,North America and ANZ,2018,7.37,10.66,0.954,73.2,0.949,0.12,0.207,0.845,0.168,7.324
New Zealand,North America and ANZ,2019,7.205,10.666,0.939,73.4,0.912,0.157,0.234,0.816,0.191,7.307
New Zealand,North America and ANZ,2020,7.257,10.6,0.952,73.6,0.918,0.125,0.283,0.849,0.209,
Nicaragua,Latin America and Caribbean,2015,5.924,8.636,0.827,66.6,0.809,0.077,0.728,0.797,0.346,5.828
Nicaragua,Latin America and Caribbean,2016,6.013,8.668,0.853,66.9,0.717,0.039,0.731,0.805,0.38,5.992
Nicaragua,Latin America and Caribbean,2017,6.476,8.7,0.838,67.2,0.922,0.01,0.673,0.85,0.308,6.071000099
Nicaragua,Latin America and Caribbean,2018,5.819,8.647,0.854,67.5,0.797,0.009,0.713,0.793,0.408,6.141
Nicaragua,Latin America and Caribbean,2019,6.113,8.595,0.874,67.8,0.883,0.029,0.622,0.835,0.337,6.105
Niger,Sub-Saharan Africa,2015,3.671,7.03,0.713,52,0.728,-0.032,0.703,0.682,0.218,3.845
Niger,Sub-Saharan Africa,2016,4.235,7.047,0.683,52.5,0.702,-0.016,0.814,0.675,0.325,3.856
Niger,Sub-Saharan Africa,2017,4.616,7.058,0.582,53,0.684,-0.03,0.778,0.731,0.427,4.027999878
Niger,Sub-Saharan Africa,2018,5.164,7.087,0.612,53.5,0.791,0.009,0.637,0.771,0.503,4.166
Niger,Sub-Saharan Africa,2019,5.004,7.106,0.677,54,0.831,0.026,0.729,0.816,0.304,4.628
Nigeria,Sub-Saharan Africa,2015,4.933,8.615,0.812,48.5,0.68,-0.035,0.926,0.717,0.251,5.268
Nigeria,Sub-Saharan Africa,2016,5.22,8.573,0.805,48.9,0.798,0.043,0.905,0.732,0.252,4.875
Nigeria,Sub-Saharan Africa,2017,5.322,8.555,0.733,49.3,0.826,0.124,0.835,0.725,0.236,5.073999882
Nigeria,Sub-Saharan Africa,2018,5.252,8.548,0.741,49.7,0.79,-0.01,0.866,0.805,0.256,5.155
Nigeria,Sub-Saharan Africa,2019,4.356,8.544,0.734,50.1,0.729,0.032,0.873,0.715,0.245,5.265
Nigeria,Sub-Saharan Africa,2020,5.503,8.484,0.739,50.5,0.713,0.099,0.913,0.744,0.316,
North Cyprus,Western Europe,2015,5.843,,0.791,,0.785,,0.659,0.702,0.319,5.695
North Cyprus,Western Europe,2016,5.827,,0.808,,0.796,,0.67,0.644,0.346,5.771
North Cyprus,Western Europe,2018,5.608,,0.837,,0.797,,0.614,0.48,0.262,
North Cyprus,Western Europe,2019,5.467,,0.803,,0.793,,0.64,0.494,0.296,
North Macedonia,,2015,4.976,9.613,0.766,65.145,0.66,-0.047,0.824,0.62,0.299,
North Macedonia,,2016,5.346,9.64,0.871,65.225,0.706,0.08,0.87,0.639,0.292,
North Macedonia,,2017,5.234,9.65,0.8,65.303,0.752,-0.059,0.856,0.502,0.299,#N/A
North Macedonia,,2018,5.24,9.677,0.849,65.389,0.745,-0.041,0.91,0.59,0.298,
North Macedonia,,2019,5.015,9.711,0.815,65.474,0.725,0.024,0.923,0.576,0.304,5.274
North Macedonia,,2020,5.054,9.69,0.75,65.56,0.787,0.131,0.877,0.605,0.365,
Norway,Western Europe,2015,7.603,11.033,0.947,72.9,0.948,0.257,0.299,0.843,0.209,7.522
Norway,Western Europe,2016,7.596,11.035,0.96,73,0.954,0.133,0.41,0.85,0.209,7.498
Norway,Western Europe,2017,7.579,11.05,0.95,73.1,0.953,0.236,0.25,0.849,0.203,7.537000179
Norway,Western Europe,2018,7.444,11.056,0.966,73.2,0.96,0.094,0.268,0.827,0.212,7.594
Norway,Western Europe,2019,7.442,11.061,0.942,73.3,0.954,0.111,0.271,0.823,0.195,7.554
Norway,Western Europe,2020,7.29,11.042,0.956,73.4,0.965,0.075,0.271,0.823,0.216,
Pakistan,South Asia,2015,4.823,8.361,0.562,57.3,0.587,0.085,0.717,0.575,0.329,5.194
Pakistan,South Asia,2016,5.549,8.394,0.627,57.7,0.634,0.095,0.793,0.648,0.332,5.132
Pakistan,South Asia,2017,5.831,8.428,0.69,58.1,0.713,0.045,0.714,0.586,0.308,5.269000053
Pakistan,South Asia,2018,5.472,8.464,0.685,58.5,0.773,0.069,0.799,0.567,0.377,5.472
Pakistan,South Asia,2019,4.443,8.453,0.617,58.9,0.685,0.124,0.776,0.581,0.424,5.653
Palestinian Territories,Middle East and North Africa,2015,4.695,8.48,0.766,,0.556,-0.153,0.774,0.594,0.369,4.715
Palestinian Territories,Middle East and North Africa,2016,4.907,8.498,0.818,,0.608,-0.129,0.812,0.593,0.378,4.754
Palestinian Territories,Middle East and North Africa,2017,4.628,8.485,0.824,,0.632,-0.163,0.831,0.597,0.416,4.775000095
Palestinian Territories,Middle East and North Africa,2018,4.554,,0.819,,0.655,,0.814,0.61,0.419,4.743
Palestinian Territories,Middle East and North Africa,2019,4.483,,0.833,,0.653,,0.829,0.625,0.4,4.696
Panama,Latin America and Caribbean,2015,6.606,10.255,0.883,69.3,0.847,-0.007,0.81,0.801,0.264,6.786
Panama,Latin America and Caribbean,2016,6.118,10.287,0.882,69.4,0.884,-0.102,0.837,0.858,0.244,6.701
Panama,Latin America and Caribbean,2017,6.568,10.324,0.912,69.5,0.9,-0.17,0.841,0.833,0.242,6.452000141
Panama,Latin America and Caribbean,2018,6.281,10.343,0.904,69.6,0.861,-0.131,0.837,0.884,0.223,6.43
Panama,Latin America and Caribbean,2019,6.086,10.356,0.886,69.7,0.883,-0.199,0.869,0.878,0.244,6.321
Paraguay,Latin America and Caribbean,2015,5.56,9.377,0.914,65.1,0.806,-0.008,0.863,0.866,0.219,5.878
Paraguay,Latin America and Caribbean,2016,5.801,9.406,0.94,65.3,0.854,-0.071,0.756,0.925,0.197,5.538
Paraguay,Latin America and Caribbean,2017,5.713,9.441,0.902,65.5,0.891,0.003,0.81,0.903,0.232,5.493000031
Paraguay,Latin America and Caribbean,2019,5.653,9.448,0.892,65.9,0.876,0.028,0.882,0.858,0.275,5.743
Peru,Latin America and Caribbean,2015,5.577,9.402,0.798,67.2,0.802,-0.09,0.884,0.754,0.378,5.824
Peru,Latin America and Caribbean,2016,5.701,9.426,0.803,67.5,0.83,-0.134,0.866,0.822,0.338,5.743
Peru,Latin America and Caribbean,2017,5.711,9.434,0.83,67.8,0.827,-0.154,0.895,0.789,0.394,5.715000153
Peru,Latin America and Caribbean,2018,5.68,9.456,0.845,68.1,0.83,-0.178,0.906,0.809,0.38,5.663
Peru,Latin America and Caribbean,2019,5.999,9.461,0.809,68.4,0.815,-0.13,0.874,0.82,0.375,5.697
Philippines,Southeast Asia,2015,5.547,8.896,0.854,61.6,0.912,-0.051,0.755,0.805,0.351,5.073
Philippines,Southeast Asia,2016,5.431,8.95,0.821,61.7,0.908,-0.071,0.792,0.821,0.29,5.279
Philippines,Southeast Asia,2017,5.594,9.002,0.851,61.8,0.926,-0.141,0.711,0.769,0.341,5.429999828
Philippines,Southeast Asia,2018,5.869,9.05,0.846,61.9,0.918,-0.108,0.726,0.773,0.393,5.524
Philippines,Southeast Asia,2019,6.268,9.095,0.845,62,0.91,-0.083,0.748,0.781,0.341,5.631
Philippines,Southeast Asia,2020,5.08,9.061,0.781,62.1,0.932,-0.116,0.744,0.804,0.327,
Poland,Central and Eastern Europe,2015,6.007,10.235,0.893,68.1,0.793,-0.093,0.81,0.734,0.24,5.791
Poland,Central and Eastern Europe,2016,6.162,10.266,0.917,68.5,0.871,-0.091,0.848,0.777,0.224,5.835
Poland,Central and Eastern Europe,2017,6.201,10.314,0.882,68.9,0.831,-0.122,0.639,0.677,0.203,5.97300005
Poland,Central and Eastern Europe,2018,6.111,10.366,0.863,69.3,0.87,-0.254,0.72,0.742,0.176,6.123
Poland,Central and Eastern Europe,2019,6.242,10.407,0.878,69.7,0.883,-0.231,0.696,0.725,0.168,6.182
Poland,Central and Eastern Europe,2020,6.139,10.371,0.953,70.1,0.767,-0.007,0.787,0.76,0.329,
Portugal,Western Europe,2015,5.081,10.347,0.866,71.8,0.8,-0.163,0.941,0.657,0.371,5.102
Portugal,Western Europe,2016,5.447,10.37,0.905,72,0.838,-0.225,0.922,0.684,0.326,5.123
Portugal,Western Europe,2017,5.711,10.407,0.9,72.2,0.905,-0.176,0.881,0.649,0.294,5.195000172
Portugal,Western Europe,2018,5.92,10.434,0.887,72.4,0.877,-0.261,0.88,0.679,0.318,5.41
Portugal,Western Europe,2019,6.095,10.457,0.876,72.6,0.882,-0.234,0.915,0.71,0.3,5.693
Portugal,Western Europe,2020,5.768,10.371,0.875,72.8,0.913,-0.238,0.867,0.648,0.383,
Qatar,,2015,6.375,11.486,,68.3,,,,,,6.611
Romania,Central and Eastern Europe,2015,5.777,10.083,0.787,66.3,0.796,-0.141,0.962,0.714,0.312,5.124
Romania,Central and Eastern Europe,2016,5.969,10.136,0.809,66.6,0.822,-0.115,0.949,0.694,0.258,5.528
Romania,Central and Eastern Europe,2017,6.09,10.211,0.811,66.9,0.839,-0.16,0.926,0.734,0.231,5.824999809
Romania,Central and Eastern Europe,2018,6.151,10.26,0.818,67.2,0.845,-0.217,0.921,0.735,0.298,5.945
Romania,Central and Eastern Europe,2019,6.13,10.306,0.842,67.5,0.848,-0.221,0.954,0.697,0.244,6.07
Russia,Commonwealth of Independent States,2015,5.996,10.149,0.924,63.1,0.685,-0.171,0.913,0.679,0.13,5.716
Russia,Commonwealth of Independent States,2016,5.855,10.149,0.911,63.5,0.714,-0.181,0.925,0.636,0.142,5.856
Russia,Commonwealth of Independent States,2017,5.579,10.166,0.896,63.9,0.731,-0.145,0.862,0.71,0.195,5.962999821
Russia,Commonwealth of Independent States,2018,5.514,10.191,0.909,64.3,0.729,-0.147,0.865,0.673,0.199,5.81
Russia,Commonwealth of Independent States,2019,5.441,10.205,0.91,64.7,0.715,-0.116,0.848,0.691,0.2,5.648
Russia,Commonwealth of Independent States,2020,5.495,10.162,0.887,65.1,0.714,-0.071,0.823,0.645,0.19,
Rwanda,Sub-Saharan Africa,2015,3.483,7.544,0.678,59.3,0.908,0.025,0.095,0.721,0.206,3.465
Rwanda,Sub-Saharan Africa,2016,3.333,7.576,0.665,59.9,0.911,0.025,0.159,0.752,0.285,3.515
Rwanda,Sub-Saharan Africa,2017,3.108,7.588,0.517,60.5,0.908,0.051,0.214,0.762,0.358,3.470999956
Rwanda,Sub-Saharan Africa,2018,3.561,7.644,0.616,61.1,0.924,0.057,0.164,0.793,0.308,3.408
Rwanda,Sub-Saharan Africa,2019,3.268,7.708,0.489,61.7,0.869,0.064,0.168,0.736,0.418,3.334
Saudi Arabia,Middle East and North Africa,2015,6.345,10.798,0.82,65.4,0.82,-0.045,,0.724,0.327,6.411
Saudi Arabia,Middle East and North Africa,2016,6.474,10.792,0.89,65.7,0.774,-0.132,,0.793,0.266,6.379
Saudi Arabia,Middle East and North Africa,2017,6.294,10.764,0.84,66,0.814,-0.131,,0.775,0.306,6.343999863
Saudi Arabia,Middle East and North Africa,2018,6.356,10.771,0.868,66.3,0.855,-0.192,,0.764,0.288,6.371
Saudi Arabia,Middle East and North Africa,2019,6.561,10.757,0.912,66.6,0.891,-0.147,,0.732,0.238,6.375
Saudi Arabia,Middle East and North Africa,2020,6.56,10.701,0.89,66.9,0.884,-0.111,,0.754,0.251,
Senegal,Sub-Saharan Africa,2015,4.617,7.995,0.702,58.4,0.72,-0.111,0.765,0.711,0.208,3.904
Senegal,Sub-Saharan Africa,2016,4.595,8.029,0.839,58.8,0.744,-0.086,0.794,0.784,0.245,4.219
Senegal,Sub-Saharan Africa,2017,4.683,8.072,0.744,59.2,0.687,-0.044,0.825,0.746,0.291,4.534999847
Senegal,Sub-Saharan Africa,2018,4.769,8.106,0.739,59.6,0.629,-0.074,0.805,0.714,0.247,4.631
Senegal,Sub-Saharan Africa,2019,5.489,8.13,0.688,60,0.759,-0.019,0.796,0.789,0.332,4.681
Serbia,Central and Eastern Europe,2015,5.318,9.649,0.816,67,0.546,-0.062,0.859,0.496,0.303,5.123
Serbia,Central and Eastern Europe,2016,5.753,9.688,0.895,67.4,0.614,-0.068,0.89,0.535,0.298,5.177
Serbia,Central and Eastern Europe,2017,5.122,9.713,0.884,67.8,0.685,-0.077,0.851,0.51,0.326,5.394999981
Serbia,Central and Eastern Europe,2018,5.936,9.762,0.853,68.2,0.74,-0.1,0.864,0.559,0.296,5.398
Serbia,Central and Eastern Europe,2019,6.241,9.808,0.903,68.6,0.753,-0.04,0.813,0.509,0.242,5.603
Serbia,Central and Eastern Europe,2020,6.042,9.788,0.852,69,0.843,0.149,0.824,0.603,0.358,
Sierra Leone,Sub-Saharan Africa,2015,4.909,7.347,0.611,46,0.624,0.05,0.825,0.625,0.414,4.507
Sierra Leone,Sub-Saharan Africa,2016,4.733,7.384,0.657,47.6,0.681,0.106,0.863,0.584,0.456,4.635
Sierra Leone,Sub-Saharan Africa,2017,4.09,7.404,0.652,49.2,0.711,0.079,0.848,0.6,0.495,4.709000111
Sierra Leone,Sub-Saharan Africa,2018,4.306,7.417,0.65,50.8,0.716,0.095,0.856,0.552,0.466,4.571
Sierra Leone,Sub-Saharan Africa,2019,3.447,7.449,0.611,52.4,0.718,0.074,0.874,0.513,0.438,4.374
Singapore,Southeast Asia,2015,6.62,11.4,0.866,75.9,0.887,0.15,0.099,0.803,0.142,6.798
Singapore,Southeast Asia,2016,6.033,11.419,0.925,76.2,0.904,0.143,0.047,0.824,0.111,6.739
Singapore,Southeast Asia,2017,6.378,11.461,0.897,76.5,0.926,0.136,0.162,0.8,0.179,6.572000027
Singapore,Southeast Asia,2018,6.375,11.49,0.903,76.8,0.916,-0.066,0.097,0.787,0.107,6.343
Singapore,Southeast Asia,2019,6.378,11.486,0.925,77.1,0.938,0.027,0.07,0.723,0.138,6.262
Slovakia,Central and Eastern Europe,2015,6.162,10.291,0.943,68,0.587,-0.128,0.928,0.714,0.269,5.995
Slovakia,Central and Eastern Europe,2016,5.993,10.31,0.945,68.3,0.7,-0.061,0.917,0.774,0.232,6.078
Slovakia,Central and Eastern Europe,2017,6.366,10.339,0.913,68.6,0.714,-0.055,0.92,0.788,0.213,6.09800005
Slovakia,Central and Eastern Europe,2018,6.235,10.376,0.922,68.9,0.758,-0.167,0.91,0.754,0.253,6.173
Slovakia,Central and Eastern Europe,2019,6.243,10.398,0.933,69.2,0.771,-0.129,0.926,0.75,0.252,6.198
Slovakia,Central and Eastern Europe,2020,6.519,10.332,0.954,69.5,0.762,-0.075,0.901,0.764,0.274,
Slovenia,Central and Eastern Europe,2015,5.741,10.433,0.901,70.2,0.896,0.008,0.892,0.659,0.261,5.848
Slovenia,Central and Eastern Europe,2016,5.937,10.463,0.934,70.5,0.904,-0.055,0.838,0.626,0.272,5.768
Slovenia,Central and Eastern Europe,2017,6.167,10.509,0.928,70.8,0.921,-0.025,0.829,0.615,0.286,5.757999897
Slovenia,Central and Eastern Europe,2018,6.249,10.546,0.941,71.1,0.942,-0.119,0.839,0.644,0.275,5.948
Slovenia,Central and Eastern Europe,2019,6.665,10.563,0.949,71.4,0.945,-0.102,0.785,0.679,0.228,6.118
Slovenia,Central and Eastern Europe,2020,6.462,10.478,0.953,71.7,0.958,-0.081,0.797,0.61,0.314,
Somalia,,2015,5.354,,0.599,50.1,0.968,,0.41,0.901,0.187,
Somalia,,2016,4.668,,0.594,50,0.917,,0.441,0.891,0.193,5.44
South Africa,Sub-Saharan Africa,2015,4.887,9.46,0.898,55.3,0.862,-0.127,0.853,0.781,0.161,4.642
South Africa,Sub-Saharan Africa,2016,4.77,9.45,0.875,55.7,0.774,-0.07,0.813,0.786,0.301,4.459
South Africa,Sub-Saharan Africa,2017,4.514,9.45,0.87,56.1,0.787,-0.129,0.865,0.785,0.268,4.828999996
South Africa,Sub-Saharan Africa,2018,4.884,9.444,0.841,56.5,0.753,-0.05,0.841,0.812,0.283,4.724
South Africa,Sub-Saharan Africa,2019,5.035,9.432,0.848,56.9,0.738,-0.134,0.82,0.801,0.268,4.722
South Africa,Sub-Saharan Africa,2020,4.947,9.332,0.891,57.3,0.757,-0.015,0.912,0.82,0.294,
South Korea,East Asia,2015,5.78,10.568,0.768,72.7,0.616,-0.036,0.841,0.65,0.244,5.984
South Korea,East Asia,2016,5.971,10.593,0.811,73,0.591,0.026,0.862,0.676,0.233,5.835
South Korea,East Asia,2017,5.874,10.621,0.807,73.3,0.538,0.014,0.851,0.623,0.235,5.837999821
South Korea,East Asia,2018,5.84,10.643,0.798,73.6,0.6,-0.089,0.797,0.661,0.217,5.875
South Korea,East Asia,2019,5.903,10.661,0.783,73.9,0.706,-0.055,0.718,0.684,0.236,5.895
South Korea,East Asia,2020,5.793,10.648,0.808,74.2,0.711,-0.106,0.665,0.64,0.247,
South Sudan,Sub-Saharan Africa,2015,4.071,,0.585,50.2,0.512,,0.71,0.586,0.45,
South Sudan,Sub-Saharan Africa,2016,2.888,,0.532,50.6,0.44,,0.785,0.615,0.549,3.832
South Sudan,Sub-Saharan Africa,2017,2.817,,0.557,51,0.456,,0.761,0.586,0.517,3.59100008
Spain,Western Europe,2015,6.381,10.531,0.956,73.5,0.732,-0.072,0.822,0.732,0.285,6.329
Spain,Western Europe,2016,6.319,10.56,0.942,73.8,0.768,-0.048,0.819,0.653,0.301,6.361
Spain,Western Europe,2017,6.23,10.586,0.903,74.1,0.756,-0.032,0.791,0.625,0.302,6.402999878
Spain,Western Europe,2018,6.513,10.605,0.91,74.4,0.722,-0.075,0.777,0.659,0.357,6.31
Spain,Western Europe,2019,6.457,10.618,0.949,74.7,0.778,-0.049,0.73,0.663,0.316,6.354
Spain,Western Europe,2020,6.502,10.488,0.935,75,0.783,-0.121,0.73,0.686,0.317,
Sri Lanka,South Asia,2015,4.612,9.383,0.863,66.6,0.902,0.319,0.859,0.848,0.235,4.271
Sri Lanka,South Asia,2017,4.331,9.44,0.823,67,0.827,0.094,0.844,0.795,0.27,4.440000057
Sri Lanka,South Asia,2018,4.435,9.462,0.833,67.2,0.859,0.106,0.856,0.831,0.302,4.471
Sri Lanka,South Asia,2019,4.213,9.479,0.815,67.4,0.824,0.051,0.863,0.816,0.315,4.366
Swaziland,Sub-Saharan Africa,2018,4.212,9.06,0.779,50.353,0.71,-0.178,0.692,0.824,0.252,
Swaziland,Sub-Saharan Africa,2019,4.396,9.07,0.759,51.27,0.597,-0.191,0.724,0.778,0.28,4.212
Sweden,Western Europe,2015,7.289,10.853,0.929,72.3,0.935,0.211,0.232,0.818,0.191,7.364
Sweden,Western Europe,2016,7.369,10.861,0.912,72.4,0.918,0.146,0.246,0.816,0.201,7.291
Sweden,Western Europe,2017,7.287,10.873,0.914,72.5,0.935,0.17,0.239,0.814,0.175,7.28399992
Sweden,Western Europe,2018,7.375,10.881,0.931,72.6,0.942,0.077,0.263,0.823,0.161,7.314
Sweden,Western Europe,2019,7.398,10.882,0.934,72.7,0.942,0.091,0.25,0.826,0.202,7.343
Sweden,Western Europe,2020,7.314,10.838,0.936,72.8,0.951,0.091,0.203,0.766,0.222,
Switzerland,Western Europe,2015,7.572,11.1,0.938,73.2,0.928,0.109,0.21,0.809,0.166,7.587
Switzerland,Western Europe,2016,7.459,11.106,0.928,73.5,0.934,0.088,0.302,0.779,0.206,7.509
Switzerland,Western Europe,2017,7.474,11.115,0.95,73.8,0.925,0.18,0.316,0.774,0.196,7.493999958
Switzerland,Western Europe,2018,7.509,11.134,0.93,74.1,0.926,0.101,0.301,0.792,0.192,7.487
Switzerland,Western Europe,2019,7.694,11.136,0.949,74.4,0.913,0.036,0.294,0.798,0.171,7.48
Switzerland,Western Europe,2020,7.508,11.081,0.946,74.7,0.917,-0.064,0.28,0.769,0.193,
Syria,South Asia,2015,3.462,8.442,0.464,55.2,0.448,0.045,0.685,0.369,0.643,3.006
Taiwan Province of China,East Asia,2015,6.45,10.842,0.885,,0.701,0.019,0.857,0.832,0.129,
Taiwan Province of China,East Asia,2016,6.513,10.855,0.895,,0.719,-0.049,0.811,0.833,0.108,
Taiwan Province of China,East Asia,2017,6.359,10.871,0.891,,0.76,-0.07,0.743,0.837,0.114,6.421999931
Taiwan Province of China,East Asia,2018,6.467,,0.896,,0.741,,0.736,0.848,0.093,
Taiwan Province of China,East Asia,2019,6.537,,0.893,,0.814,,0.718,0.86,0.093,
Taiwan Province of China,East Asia,2020,6.751,,0.901,,0.799,,0.711,0.845,0.083,
Tajikistan,Commonwealth of Independent States,2015,5.124,7.945,0.844,63.2,0.847,0.022,0.742,0.689,0.196,4.786
Tajikistan,Commonwealth of Independent States,2016,5.104,7.987,0.857,63.5,0.703,0.01,0.632,0.644,0.22,4.996
Tajikistan,Commonwealth of Independent States,2017,5.829,8.036,0.663,63.8,0.832,0.124,0.718,0.603,0.278,5.040999889
Tajikistan,Commonwealth of Independent States,2018,5.497,8.082,0.875,64.1,,-0.065,0.578,0.695,0.22,5.199
Tajikistan,Commonwealth of Independent States,2019,5.464,8.126,0.88,64.4,,-0.045,0.49,0.729,0.178,5.467
Tajikistan,Commonwealth of Independent States,2020,5.373,8.08,0.79,64.7,,-0.04,0.55,0.749,0.344,
Tanzania,Sub-Saharan Africa,2015,3.661,7.764,0.79,56,0.759,0.149,0.906,0.619,0.192,3.781
Tanzania,Sub-Saharan Africa,2016,2.903,7.8,0.638,56.5,0.775,0.179,0.739,0.694,0.246,3.666
Tanzania,Sub-Saharan Africa,2017,3.347,7.836,0.705,57,0.8,0.116,0.654,0.715,0.255,3.348999977
Tanzania,Sub-Saharan Africa,2018,3.445,7.859,0.675,57.5,0.807,0.153,0.612,0.762,0.221,3.303
Tanzania,Sub-Saharan Africa,2019,3.64,7.886,0.687,58,0.85,0.1,0.589,0.726,0.243,3.231
Tanzania,Sub-Saharan Africa,2020,3.786,7.881,0.74,58.5,0.83,0.295,0.521,0.686,0.271,
Thailand,Southeast Asia,2015,6.202,9.699,0.866,66.6,0.885,0.316,0.914,0.91,0.174,6.455
Thailand,Southeast Asia,2016,6.074,9.729,0.908,66.8,0.924,0.356,0.878,0.835,0.218,6.474
Thailand,Southeast Asia,2017,5.939,9.765,0.877,67,0.923,0.212,0.884,0.816,0.232,6.423999786
Thailand,Southeast Asia,2018,6.012,9.803,0.873,67.2,0.905,0.259,0.907,0.843,0.198,6.072
Thailand,Southeast Asia,2019,6.022,9.824,0.903,67.4,0.898,0.309,0.877,0.843,0.208,6.008
Thailand,Southeast Asia,2020,5.885,9.769,0.867,67.6,0.84,0.273,0.918,0.783,0.326,
Togo,Sub-Saharan Africa,2015,3.768,7.277,0.479,53.5,0.772,-0.069,0.733,0.599,0.416,2.839
Togo,Sub-Saharan Africa,2016,3.879,7.306,0.509,53.9,0.73,-0.007,0.815,0.604,0.483,3.303
Togo,Sub-Saharan Africa,2017,4.361,7.324,0.508,54.3,0.717,-0.042,0.726,0.614,0.426,3.494999886
Togo,Sub-Saharan Africa,2018,4.023,7.348,0.596,54.7,0.612,-0.007,0.809,0.608,0.446,3.999
Togo,Sub-Saharan Africa,2019,4.179,7.375,0.539,55.1,0.617,0.065,0.737,0.59,0.444,4.085
Trinidad and Tobago,Latin America and Caribbean,2017,6.192,10.183,0.916,63.5,0.859,0.015,0.911,0.846,0.248,6.168000221
Tunisia,Middle East and North Africa,2015,5.132,9.261,0.609,66,0.711,-0.226,0.815,0.573,0.32,4.739
Tunisia,Middle East and North Africa,2016,4.521,9.262,0.702,66.3,0.614,-0.165,0.811,0.612,0.378,5.045
Tunisia,Middle East and North Africa,2017,4.124,9.269,0.717,66.6,0.478,-0.219,0.869,0.421,0.377,4.804999828
Tunisia,Middle East and North Africa,2018,4.741,9.284,0.733,66.9,0.65,-0.191,0.84,0.592,0.365,4.592
Tunisia,Middle East and North Africa,2019,4.315,9.283,0.61,67.2,0.659,-0.209,0.889,0.539,0.433,4.461
Tunisia,Middle East and North Africa,2020,4.731,9.231,0.719,67.5,0.668,-0.202,0.877,0.585,0.439,
Turkey,Middle East and North Africa,2015,5.514,10.166,0.851,65.6,0.653,-0.016,0.806,0.46,0.382,5.332
Turkey,Middle East and North Africa,2016,5.326,10.181,0.88,66,0.644,-0.065,0.764,0.465,0.39,5.389
Turkey,Middle East and North Africa,2017,5.607,10.238,0.876,66.4,0.644,-0.237,0.671,0.45,0.313,5.5
Turkey,Middle East and North Africa,2018,5.186,10.251,0.847,66.8,0.529,-0.176,0.805,0.435,0.351,5.483
Turkey,Middle East and North Africa,2019,4.872,10.246,0.792,67.2,0.631,-0.136,0.76,0.422,0.368,5.373
Turkey,Middle East and North Africa,2020,4.862,10.219,0.857,67.6,0.51,-0.111,0.774,0.384,0.44,
Turkmenistan,Commonwealth of Independent States,2015,5.791,9.472,0.96,61,0.701,0.093,,0.705,0.301,5.548
Turkmenistan,Commonwealth of Independent States,2016,5.887,9.515,0.929,61.4,0.749,0.005,,0.636,0.255,5.658
Turkmenistan,Commonwealth of Independent States,2017,5.229,9.561,0.908,61.8,0.72,0.066,,0.521,0.35,5.822000027
Turkmenistan,Commonwealth of Independent States,2018,4.621,9.605,0.984,62.2,0.858,0.26,,0.612,0.189,5.636
Turkmenistan,Commonwealth of Independent States,2019,5.474,9.651,0.982,62.6,0.892,0.285,,0.51,0.183,5.247
Uganda,Sub-Saharan Africa,2015,4.238,7.627,0.747,54.5,0.758,0.135,0.873,0.703,0.353,3.931
Uganda,Sub-Saharan Africa,2016,4.233,7.637,0.754,54.9,0.739,0.132,0.811,0.668,0.41,3.739
Uganda,Sub-Saharan Africa,2017,4.001,7.638,0.74,55.3,0.772,0.06,0.816,0.703,0.4,4.080999851
Uganda,Sub-Saharan Africa,2018,4.322,7.66,0.74,55.7,0.729,0.079,0.856,0.685,0.39,4.161
Uganda,Sub-Saharan Africa,2019,4.948,7.688,0.805,56.1,0.704,0.139,0.826,0.693,0.385,4.189
Uganda,Sub-Saharan Africa,2020,4.641,7.684,0.8,56.5,0.687,0.147,0.878,0.699,0.425,
Ukraine,Commonwealth of Independent States,2015,3.965,9.327,0.909,63.7,0.431,-0.033,0.952,0.574,0.241,4.681
Ukraine,Commonwealth of Independent States,2016,4.029,9.353,0.885,64,0.503,0.011,0.891,0.589,0.22,4.324
Ukraine,Commonwealth of Independent States,2017,4.311,9.382,0.858,64.3,0.599,-0.002,0.937,0.597,0.235,4.096000195
Ukraine,Commonwealth of Independent States,2018,4.662,9.42,0.901,64.6,0.663,-0.074,0.943,0.609,0.222,4.103
Ukraine,Commonwealth of Independent States,2019,4.702,9.458,0.883,64.9,0.715,-0.081,0.885,0.634,0.201,4.332
Ukraine,Commonwealth of Independent States,2020,5.27,9.428,0.885,65.2,0.784,0.126,0.946,0.688,0.285,
United Arab Emirates,Middle East and North Africa,2015,6.568,11.086,0.824,66.5,0.915,0.201,,0.761,0.296,6.901
United Arab Emirates,Middle East and North Africa,2016,6.831,11.105,0.849,66.7,0.949,0.131,,0.775,0.245,6.573
United Arab Emirates,Middle East and North Africa,2017,7.039,11.115,0.836,66.9,0.962,0.216,,0.795,0.208,6.647999763
United Arab Emirates,Middle East and North Africa,2018,6.604,11.112,0.851,67.1,0.944,0.054,,0.787,0.302,6.774
United Arab Emirates,Middle East and North Africa,2019,6.711,11.114,0.862,67.3,0.911,0.129,,0.793,0.284,6.825
United Arab Emirates,Middle East and North Africa,2020,6.458,11.053,0.827,67.5,0.942,0.06,,0.752,0.298,
United Kingdom,Western Europe,2015,6.515,10.712,0.936,71.7,0.833,0.3,0.456,0.798,0.219,6.867
United Kingdom,Western Europe,2016,6.824,10.724,0.954,71.9,0.821,0.25,0.458,0.776,0.23,6.725
United Kingdom,Western Europe,2017,7.103,10.736,0.937,72.1,0.813,0.291,0.419,0.759,0.21,6.714000225
United Kingdom,Western Europe,2018,7.233,10.743,0.928,72.3,0.838,0.226,0.404,0.783,0.228,7.19
United Kingdom,Western Europe,2019,7.157,10.751,0.943,72.5,0.854,0.271,0.485,0.775,0.251,7.054
United Kingdom,Western Europe,2020,6.798,10.626,0.929,72.7,0.885,0.203,0.49,0.758,0.225,
United States,North America and ANZ,2015,6.864,10.977,0.904,68.6,0.849,0.219,0.698,0.814,0.275,7.119
United States,North America and ANZ,2016,6.804,10.986,0.897,68.5,0.758,0.144,0.739,0.806,0.264,7.104
United States,North America and ANZ,2017,6.992,11.001,0.921,68.4,0.868,0.197,0.681,0.827,0.268,6.993000031
United States,North America and ANZ,2018,6.883,11.025,0.904,68.3,0.825,0.116,0.71,0.815,0.292,6.886
United States,North America and ANZ,2019,6.944,11.043,0.917,68.2,0.836,0.144,0.707,0.815,0.244,6.892
United States,North America and ANZ,2020,7.028,11.001,0.937,68.1,0.85,0.034,0.678,0.787,0.295,
Uruguay,Latin America and Caribbean,2015,6.628,9.932,0.891,68.7,0.917,-0.032,0.673,0.893,0.3,6.485
Uruguay,Latin America and Caribbean,2016,6.171,9.946,0.9,68.8,0.886,-0.072,0.676,0.842,0.283,6.545
Uruguay,Latin America and Caribbean,2017,6.336,9.968,0.914,68.9,0.898,-0.091,0.627,0.836,0.28,6.453999996
Uruguay,Latin America and Caribbean,2018,6.372,9.98,0.917,69,0.876,-0.097,0.683,0.877,0.275,6.379
Uruguay,Latin America and Caribbean,2019,6.6,9.979,0.933,69.1,0.903,-0.095,0.599,0.889,0.222,6.293
Uruguay,Latin America and Caribbean,2020,6.31,9.937,0.921,69.2,0.908,-0.084,0.491,0.807,0.265,
Uzbekistan,Commonwealth of Independent States,2015,5.972,8.714,0.968,64.2,0.98,0.375,0.471,0.84,0.103,6.003
Uzbekistan,Commonwealth of Independent States,2016,5.893,8.756,0.945,64.5,0.984,0.208,,0.842,0.147,5.987
Uzbekistan,Commonwealth of Independent States,2017,6.421,8.782,0.942,64.8,0.985,0.123,0.465,0.839,0.203,5.971000195
Uzbekistan,Commonwealth of Independent States,2018,6.205,8.818,0.921,65.1,0.97,0.318,0.52,0.825,0.209,6.096
Uzbekistan,Commonwealth of Independent States,2019,6.154,8.853,0.915,65.4,0.97,0.304,0.511,0.845,0.22,6.174
Venezuela,Latin America and Caribbean,2015,5.569,9.001,0.911,65.9,0.512,-0.117,0.813,0.867,0.223,6.81
Venezuela,Latin America and Caribbean,2016,4.041,9.01,0.902,66.1,0.458,-0.155,0.89,0.688,0.392,6.084
Venezuela,Latin America and Caribbean,2017,5.071,9.073,0.896,66.3,0.636,-0.169,0.844,0.726,0.363,5.25
Venezuela,Latin America and Caribbean,2018,5.006,,0.887,66.5,0.611,,0.828,0.759,0.374,4.806
Venezuela,Latin America and Caribbean,2019,5.081,,0.888,66.7,0.626,,0.839,0.761,0.351,4.707
Venezuela,Latin America and Caribbean,2020,4.574,,0.805,66.9,0.612,,0.811,0.722,0.396,
Vietnam,Southeast Asia,2015,5.076,8.77,0.849,67.3,,0.086,,0.642,0.232,5.36
Vietnam,Southeast Asia,2016,5.062,8.82,0.876,67.5,0.894,-0.09,0.799,0.536,0.223,5.061
Vietnam,Southeast Asia,2017,5.175,8.876,,67.7,,,,,,5.073999882
Vietnam,Southeast Asia,2018,5.296,8.934,0.832,67.9,0.909,-0.041,0.808,0.692,0.191,5.103
Vietnam,Southeast Asia,2019,5.467,8.992,0.848,68.1,0.952,-0.126,0.788,0.751,0.186,5.175
Yemen,Middle East and North Africa,2015,2.983,7.858,0.669,54.3,0.61,-0.139,0.829,0.507,0.321,4.077
Yemen,Middle East and North Africa,2016,3.826,7.715,0.775,55.1,0.533,-0.151,,0.469,0.228,3.724
Yemen,Middle East and North Africa,2017,3.254,7.578,0.79,55.9,0.595,-0.147,,0.455,0.295,3.592999935
Yemen,Middle East and North Africa,2018,3.058,,0.789,56.7,0.553,,0.793,0.461,0.315,3.355
Yemen,Middle East and North Africa,2019,4.197,,0.87,57.5,0.651,,0.798,0.543,0.213,3.38
Zambia,Sub-Saharan Africa,2015,4.843,8.144,0.691,53.8,0.759,-0.039,0.871,0.69,0.382,5.129
Zambia,Sub-Saharan Africa,2016,4.348,8.151,0.767,54.3,0.812,0.122,0.771,0.731,0.372,4.795
Zambia,Sub-Saharan Africa,2017,3.933,8.156,0.744,54.8,0.823,0.14,0.74,0.685,0.387,4.513999939
Zambia,Sub-Saharan Africa,2018,4.041,8.167,0.718,55.3,0.791,0.048,0.811,0.703,0.351,4.377
Zambia,Sub-Saharan Africa,2019,3.307,8.155,0.638,55.8,0.811,0.077,0.832,0.743,0.394,4.107
Zambia,Sub-Saharan Africa,2020,4.838,8.117,0.767,56.3,0.75,0.056,0.81,0.691,0.345,
Zimbabwe,Sub-Saharan Africa,2015,3.703,7.992,0.736,53.8,0.667,-0.123,0.81,0.715,0.179,4.61
Zimbabwe,Sub-Saharan Africa,2016,3.735,7.984,0.768,54.4,0.733,-0.095,0.724,0.738,0.209,4.193
Zimbabwe,Sub-Saharan Africa,2017,3.638,8.016,0.754,55,0.753,-0.098,0.751,0.806,0.224,3.875
Zimbabwe,Sub-Saharan Africa,2018,3.616,8.049,0.775,55.6,0.763,-0.068,0.844,0.71,0.212,3.692
Zimbabwe,Sub-Saharan Africa,2019,2.694,7.95,0.759,56.2,0.632,-0.064,0.831,0.716,0.235,3.663
Zimbabwe,Sub-Saharan Africa,2020,3.16,7.829,0.717,56.8,0.643,-0.009,0.789,0.703,0.346,